Object,Start,End,Volume,
TB1_Apex_T1Cell01_DE,40,127,12.2707,
TB1_Apex_T1Cell02_DE,91,116,3.78722,
TB1_Apex_T1Cell03_DE,103,119,33.0604,
TB1_Apex_T1Cell04_DE,91,118,13.4143,
TB1_Apex_T1Cell05_DE,40,125,21.1429,
TB1_Apex_T1Cell06_DE,74,123,2.59064,
TB1_Apex_T1Cell07_DE,99,167,15.1013,
TB1_Apex_T1Cell09_DE,94,117,12.1455,
TB1_Apex_T1Cell10_DE,117,166,16.7058,
TB1_Apex_T1Cell11_DE,111,146,16.3148,
TB1_Apex_T1Cell12_DE,119,152,7.18756,
TB1_Apex_T1Cell13_DE,95,118,6.19697,
TB1_Apex_T1Cell14_DE,118,121,0.255727,
TB1_Apex_T2Cell01_DE,2,127,77.3955,
TB1_Apex_T2Cell02_old_DE,91,137,11.0768,
TB1_Apex_T2Cell03_DE,1,144,19.6576,
TB1_Apex_T2Cell04_DE,37,119,15.3083,
TB1_Apex_T2Cell05_DE,65,123,6.77591,
TB1_Apex_T3Cell01_DE,45,145,35.4058,
TB1_Apex_T3Cell02_DE,1,129,18.7034,
TB1_Apex_T3Cell03_DE,117,143,8.61096,
TB1_Apex_TX07_DE,107,118,0.0398041,
TB1_Apex_TXCell06_DE,72,133,3.81579,
TB1_Apex2_T1Cell05_CM_LES,1,54,12.7483,
TB1_Apex2_T1Cell06_CM_LES,62,129,20.5033,
TB1_Apex2_T1Cell07_CM_LES,1,66,14.6518,
TB1_Apex2_T1Cell08_CM_LES,1,57,21.7333,
TB1_Apex2_T1Cell09_CM_LES,48,126,41.4395,
TB1_Apex2_T1Cell10_CM_LES,1,54,7.53972,
TB1_Apex2_T1Cell11_CM_LES,1,43,17.6717,
TB1_Apex2_T1Cell12_CM_LES,3,53,25.4088,
TB1_Apex2_T1Cell13_CM_LES,3,60,15.5551,
TB1_Apex2_T1Cell14_CM_LES,50,69,7.02287,
TB1_Apex2_T1Cell15_CM_LES,26,125,51.4137,
TB1_Apex2_T1Cell16_CM_LES,44,75,9.4704,
TB1_Apex2_T1Cell17_CM_LES,74,204,68.6679,
TB1_Apex2_T1Cell18_CM_LES,56,72,1.94537,
TB1_Apex2_T1Cell19_CM_LES,89,159,45.2358,
TB1_Apex2_T3Cell07_CM_LES,1,80,9.36511,
TB1_Apex2_T3Cell08_CM_LES,14,91,21.593,
TB1_Apex2_T3Cell09_CM_LES,1,74,3.33232,
TB1_Apex2_TX_CM_LES,1,62,4.21505,
TB1_Basal_CT_layer_LES,1,229,11229,
TB1_BasalCell04_CM_LES,18,111,398.952,
TB1_BasalCell04_nuc_LES,21,116,133.79,
TB1_BasalCell05_chromosomes_RSL,48,141,121.174,
TB1_BasalCell05_CM_LES,37,151,840.843,
TB1_BasalCell06_CM_LES,85,145,281.571,
TB1_BasalCell06_nuc_LES,101,142,116.158,
TB1_BasalCell10_CM_LES,124,147,45.0446,
TB1_BasalCell10_nuc_LES,137,200,144.255,
TB1_BasalCell12_CM_LES,147,229,293.263,
TB1_BasalCell12_nuc_LES,161,222,128.99,
TB1_BasalCell13_CM_LES,40,117,336.858,
TB1_BasalCell13_nuc_LES,44,101,135.273,
TB1_BasalCell15_CM_LES,1,96,288.663,
TB1_BasalCell15_nuc_LES,1,59,133.413,
TB1_BasalCell16_nuc_LES,1,63,93.2226,
TB1_EdgeCell01_nuc_LES,1,81,128.838,
TB1_fibroblast_CM_LES,1,163,359.846,
TB1_fibroblast_nuc_LES,83,168,122.767,
TB1_IMMcell01_CM_RKJ,1,73,469.245,
TB1_IMMcell01_nuc_RKJ,1,67,192.577,
TB1_IMMCell02_CM_RKJ,1,201,738.187,
TB1_IMMCell02_nuc_RKJ,90,190,193.574,
TB1_IMMcell03_CM_LES,1,56,292.011,
TB1_IMMcell03_nuc_LES,1,43,69.8874,
TB1_IMMCell04_CM_LES,1,46,125.864,
TB1_IMMCell04_nuc_LES,1,40,44.623,
TB1_IMMcell05_nuc_LES,116,181,141.449,
TB1_IMMCell06_CM_LES,53,100,261.385,
TB1_IMMCell06_nuc_LES,64,106,130.894,
TB1_IMMCell07_CM_LES,119,192,489.834,
TB1_IMMCell07_nuc_LES,131,204,324.369,
TB1_IMMCell09_nuc_LES,60,143,163.76,
TB1_NF01_RKJ,1,161,88.843,
TB1_NF02_RKJ,1,73,16.3483,
TB1_NF02_RSL,1,190,49.7073,
TB1_NF03_RKJ,1,211,50.2282,
TB1_NF03_RSL,1,156,23.5216,
TB1_NF04_RKJ,1,173,25.5313,
TB1_NF04_RSL,1,104,27.1596,
TB1_NF05_RKJ,1,64,12.4158,
TB1_NF06_RKJ,1,110,28.4957,
TB1_NF07_RKJ,1,38,9.32034,
TB1_NF08_RKJ,1,53,12.8533,
TB1_NF09_RKJ,1,72,46.8488,
TB1_NF10_RKj,1,68,18.8735,
TB1_NF11_RKJ,1,88,40.669,
TB1_NF12_RKJ,1,72,24.0634,
TB1_NF13_RKJ,1,125,5.0909,
TB1_NF14_RKJ,1,216,50.9625,
TB1_NF15_RKJ,1,41,5.43367,
TB1_NF16_RKJ,1,72,11.0669,
TB1_NF17_RKJ,1,83,8.42846,
TB1_NF18_RKJ,1,102,16.7312,
TB1_NF19_RKJ,1,55,4.80051,
TB1_NF20_RKJ,1,79,5.94311,
TB1_NF21_RKJ,1,85,35.7478,
TB1_NF22_RKJ,1,29,4.74638,
TB1_NF23_RKJ,1,29,7.19749,
TB1_NF24_RKJ,1,63,3.23976,
TB1_NF25_RKJ,1,46,6.68504,
TB1_NF26_RKJ,1,152,15.7259,
TB1_NF27_RKJ,1,135,36.5065,
TB1_NF28_RKJ,1,60,2.10193,
TB1_NF29_RKJ,10,121,30.0025,
TB1_NF32_RKJ,1,49,2.42801,
TB1_NF33_RKJ,1,38,3.11905,
TB1_NF34_RKJ,1,34,3.01191,
TB1_NF35_RKJ,28,60,2.56769,
TB1_NF36_RKJ,1,34,2.98267,
TB1_NF37_RKJ,1,52,3.57589,
TB1_NF38_RKJ,1,22,2.99626,
TB1_NF39_RKJ,1,107,15.0936,
TB1_NF40_RKJ,1,44,1.23234,
TB1_NF41_RKJ,25,35,0.338269,
TB1_NF42_RKJ,1,85,11.0904,
TB1_NF43_LES,1,63,25.6334,
TB1_NF44_LES,1,144,84.6324,
TB1_NF45_LES,1,145,70.5022,
TB1_NF47_LES,1,149,53.8113,
TB1_NF48_LES,1,136,21.5865,
TB1_NF50_LES,1,35,5.55135,
TB1_NF51_LES,1,62,9.20473,
TB1_NF52_LES,1,115,38.9292,
TB1_NF53_LES,1,247,41.2563,
TB1_NF54_LES,57,57,0.0100258,
TB1_NF54_RSL,1,197,119.403,
TB1_NF55_LES,1,90,6.45106,
TB1_NF56_LES,1,96,9.80648,
TB1_NF57_LES,33,94,7.93479,
TB1_NF58_LES,1,122,9.80839,
TB1_NF59_LES,44,128,10.0835,
TB1_NF60_LES,1,127,3.23536,
TB1_NF61_LES,138,216,20.2354,
TB1_NF62_LES,68,280,27.5123,
TB1_NF63_LES,1,99,15.7998,
TB1_NF66_LES,17,43,1.61127,
TB1_NF68_LES,1,49,6.70927,
TB1_NF69_LES,72,91,3.89899,
TB1_NF70_LES,162,232,10.2375,
TB1_NF71_LES,162,254,17.6593,
TB1_NF72_LES,135,235,10.8241,
TB1_NF73_LES,97,156,7.52917,
TB1_NF74_LES,1,51,6.02877,
TB1_NF75_RSL,120,138,0.616542,
TB1_Nmito1a_RSL,115,126,0.956265,
TB1_Nmito1a-cristae_RSL,116,125,0.420514,
TB1_Nmito2a_RSL,123,135,1.2555,
TB1_Nmito2a-cristae_RSL,124,134,0.619688,
TB1_OuterEpi_RSL,1,142,4956.43,
TB1_SeptalCell01_CM_LES,71,154,471.669,
TB1_SeptalCell01_nuc_LES,75,145,159.564,
TB1_SeptalCell02_CM_LES,121,209,423.107,
TB1_SeptalCell02_nuc_LES,128,201,146.743,
TB1_Shell_RSL,1,229,49797.7,
TB1_t1cell01_CM_RKJ,118,149,155.348,
TB1_t1cell02_CM_RSL,41,146,257.137,
TB1_t1cell02_nuc_RKJ,62,143,132.7,
TB1_t1cell03_CM_RKJ,1,72,261.026,
TB1_t1cell03_nuc_RKJ,2,61,113.916,
TB1_T1Cell04_CM_TEF,45,175,598.109,
TB1_T1Cell04_nuc_RSL,50,172,69.1033,
TB1_T1Cell05_CM_LES,1,117,179.308,
TB1_T1Cell05_nuc_LES,1,115,148.082,
TB1_T1Cell06_CM_RSL,1,86,245.083,
TB1_T1Cell06_NUC_RSL,1,75,68.8439,
TB1_T1Cell07_CM_RSL,1,109,213.885,
TB1_T1Cell07_NUC_RSL,1,105,60.0573,
TB1_t1cell08_CM_RSL,1,157,351.175,
TB1_t1cell08_NUC_RSL,1,141,47.5508,
TB1_t1cell17_CM_RKJ,1,69,304.301,
TB1_t1cell18_CM_RKJ,1,90,409.071,
TB1_t1cell18_nuc_RKJ,14,84,141.532,
TB1_T2Cell01_atmito01_RSL,117,133,0,
TB1_T2Cell01_atmito01-cristae_RSL,117,132,0.712273,
TB1_T2Cell01_atmito02_RSL,118,132,0.496948,
TB1_T2Cell01_atmito02-cristae_RSL,119,131,0.423623,
TB1_T2Cell01_atmito03_RSL,120,134,0.913976,
TB1_T2Cell01_atmito03-cristae_RSL,122,133,0.509756,
TB1_T2Cell01_atmito04_RSL,128,135,0.18624,
TB1_T2Cell01_atmito04-cristae_RSL,129,134,0.0879592,
TB1_T2Cell01_atmito05_RSL,116,134,0.750782,
TB1_T2Cell01_atmito06_RSL,119,134,1.42958,
TB1_T2Cell01_atmito07_RSL,120,129,0.520447,
TB1_T2Cell01_atmito12_RSL,116,120,0.409909,
TB1_T2Cell01_atmito13_RSL,134,157,1.75857,
TB1_T2Cell01_atmito14_RSL,158,166,0.544816,
TB1_T2Cell01_atmito16_RSL,166,174,0.219507,
TB1_T2Cell01_atmito17_RSL,98,126,1.27622,
TB1_T2Cell01_atmito18_RSL,71,104,1.41327,
TB1_T2Cell01_atmito19_RSL,55,85,1.21024,
TB1_T2Cell01_atmito20_RSL,86,99,0.485065,
TB1_T2Cell01_atmito21_LES,161,168,0.332097,
TB1_T2Cell01_atmito23_RSL,167,180,0.784954,
TB1_T2Cell01_atMito25_LES,128,140,0.127243,
TB1_T2Cell01_atMito-hybrid_24_LES,126,140,0.319276,
TB1_T2Cell01_atMito-hybrid_24-cristae_LES,132,140,0.029738,
TB1_T2cell01_CM_RSL,1,204,1640.59,
TB1_T2Cell01_Nmito001_RSL,119,129,1.16678,
TB1_T2Cell01_Nmito002_RSL,116,145,1.22042,
TB1_T2Cell01_Nmito003_RSL,142,148,0.296055,
TB1_T2Cell01_Nmito004_RSL,135,151,0.664215,
TB1_T2Cell01_Nmito005_RSL,142,187,0.855097,
TB1_T2Cell01_Nmito006_RSL,181,192,0.665744,
TB1_T2Cell01_Nmito007_RSL,166,184,0.326887,
TB1_T2Cell01_Nmito008_RSL,178,192,0.38168,
TB1_T2Cell01_Nmito009_RSL,188,195,0.247526,
TB1_T2Cell01_Nmito010_RSL,181,187,0.120109,
TB1_T2Cell01_Nmito011_RSL,197,199,0.0436831,
TB1_T2Cell01_Nmito012_RSL,194,198,0.0998426,
TB1_T2Cell01_Nmito013_RSL,164,190,1.50884,
TB1_T2Cell01_Nmito014_RSL,174,189,0.179902,
TB1_T2Cell01_Nmito015_RSL,176,186,0.372409,
TB1_T2Cell01_Nmito016_RSL,165,179,0.341661,
TB1_T2Cell01_Nmito017_RSL,182,185,0.0613817,
TB1_T2Cell01_Nmito018_RSL,160,180,1.00239,
TB1_T2Cell01_Nmito019_RSL,155,160,0.27709,
TB1_T2Cell01_Nmito020_RSL,154,160,0.307375,
TB1_T2Cell01_Nmito021_RSL,150,162,0.363317,
TB1_T2Cell01_Nmito022_RSL,154,165,0.251616,
TB1_T2Cell01_Nmito023_RSL,153,167,0.443072,
TB1_T2Cell01_Nmito024_RSL,149,159,0.360985,
TB1_T2Cell01_Nmito025_RSL,142,167,0.816957,
TB1_T2Cell01_Nmito026_RSL,129,159,0.4693,
TB1_T2Cell01_Nmito027_RSL,124,132,0.569756,
TB1_T2Cell01_Nmito028_RSL,129,142,0.487286,
TB1_T2Cell01_Nmito029_RSL,134,150,0.859783,
TB1_T2Cell01_Nmito030_RSL,146,167,0.99159,
TB1_T2Cell01_Nmito031,168,178,0.390163,
TB1_T2Cell01_Nmito032_RSL,159,164,0.21505,
TB1_T2Cell01_Nmito033_RSL,138,166,1.81935,
TB1_T2Cell01_Nmito034_RSL,128,147,0.227604,
TB1_T2Cell01_Nmito035_RSL,147,153,0.249397,
TB1_T2Cell01_Nmito036_RSL,152,155,0.18436,
TB1_T2Cell01_Nmito037_RSL,139,155,0.336524,
TB1_T2Cell01_Nmito038_RSL,134,162,1.07819,
TB1_T2Cell01_Nmito039_RSL,129,140,0.356973,
TB1_T2Cell01_Nmito040_RSL,127,142,0.539754,
TB1_T2Cell01_Nmito041_RSL,118,128,0.376198,
TB1_T2Cell01_Nmito042_RSL,96,140,1.60257,
TB1_T2Cell01_Nmito043_RSL,87,153,1.54868,
TB1_T2Cell01_Nmito044_RSL,69,93,0.737865,
TB1_T2Cell01_Nmito045_RSL,45,58,0.369634,
TB1_T2Cell01_Nmito046_RSL,60,70,0.300809,
TB1_T2Cell01_Nmito047_RSL,64,84,0.562318,
TB1_T2Cell01_Nmito048_RSL,52,93,0.527512,
TB1_T2Cell01_Nmito049_RSL,29,59,0.641809,
TB1_T2Cell01_Nmito050_RSL,81,105,0.227421,
TB1_T2Cell01_Nmito051_RSL,81,105,0.216735,
TB1_T2Cell01_Nmito052_RSL,96,153,1.71571,
TB1_T2Cell01_Nmito053_RSL,104,108,0.21486,
TB1_T2Cell01_Nmito054_RSL,98,107,0.316087,
TB1_T2Cell01_Nmito055_RSL,95,99,0.220858,
TB1_T2Cell01_Nmito056_RSL,100,111,0.386414,
TB1_T2Cell01_Nmito057_RSL,111,121,0.629722,
TB1_T2Cell01_Nmito058_RSL,117,125,0.797231,
TB1_T2Cell01_Nmito059_RSL,121,133,0.51774,
TB1_T2Cell01_Nmito060_RSL,127,133,0.296266,
TB1_T2Cell01_Nmito061_RSL,95,135,1.13087,
TB1_T2Cell01_Nmito062_RSL,99,110,0.322937,
TB1_T2Cell01_Nmito063_RSL,106,118,0.748268,
TB1_T2Cell01_Nmito064_LES,116,143,0.87142,
TB1_T2Cell01_Nmito065_LES,122,127,0.228951,
TB1_T2Cell01_Nmito066_LES,131,141,1.40976,
TB1_T2Cell01_Nmito067_LES,122,140,0.617602,
TB1_T2Cell01_Nmito068_LES,1,4,0.0600208,
TB1_T2Cell01_Nmito069_LES,1,13,0.408016,
TB1_T2Cell01_Nmito070_LES,1,13,0.279822,
TB1_T2Cell01_Nmito071_LES,187,189,0.0910613,
TB1_T2Cell01_Nmito072_LES,179,186,0.187452,
TB1_T2Cell01_Nmito073_LES,176,180,0.15617,
TB1_T2Cell01_Nmito074_LES,167,184,0.361731,
TB1_T2Cell01_Nmito075_LES,165,180,0.638267,
TB1_T2Cell01_Nmito076_LES,162,179,0.679031,
TB1_T2Cell01_Nmito077_LES,173,178,0.225493,
TB1_T2Cell01_Nmito078_LES,141,175,0.900942,
TB1_T2Cell01_Nmito079_LES,150,160,0.645145,
TB1_T2Cell01_Nmito080_LES,134,175,1.59792,
TB1_T2Cell01_Nmito081_LES,148,176,0.985273,
TB1_T2Cell01_Nmito082_LES,128,159,1.41274,
TB1_T2Cell01_Nmito083_LES,116,166,2.15359,
TB1_T2Cell01_Nmito084_LES,151,159,0.350356,
TB1_T2Cell01_Nmito085_LES,143,161,0.467189,
TB1_T2Cell01_Nmito086_LES,139,162,0.890461,
TB1_T2Cell01_Nmito087_LES,167,173,0.26555,
TB1_T2Cell01_Nmito088_LES,158,174,0.470583,
TB1_T2Cell01_Nmito089_LES,173,178,0.103473,
TB1_T2Cell01_Nmito090_LES,171,173,0.100142,
TB1_T2Cell01_Nmito091_LES,161,170,0.499881,
TB1_T2Cell01_Nmito092_LES,160,167,0.366314,
TB1_T2Cell01_Nmito093_LES,166,180,0.236921,
TB1_T2Cell01_Nmito094_LES,153,165,0.310068,
TB1_T2Cell01_Nmito095_LES,142,165,0.654447,
TB1_T2Cell01_Nmito097_LES,162,169,0.123096,
TB1_T2Cell01_Nmito098_LES,160,169,0.201774,
TB1_T2Cell01_Nmito099_LES,126,165,1.82691,
TB1_T2Cell01_Nmito100_LES,120,151,1.26292,
TB1_T2Cell01_Nmito101_LES,118,122,0.181198,
TB1_T2Cell01_Nmito102_LES,119,129,0.429108,
TB1_T2Cell01_Nmito103_LES,167,171,0.0989496,
TB1_T2Cell01_Nmito104_LES,164,169,0.113812,
TB1_T2Cell01_Nmito105_LES,161,168,0.198253,
TB1_T2Cell01_Nmito106_LES,148,164,0.918216,
TB1_T2Cell01_Nmito107_LES,131,158,0.643475,
TB1_T2Cell01_Nmito108_LES,139,146,0.428751,
TB1_T2Cell01_Nmito109_LES,131,149,0.822035,
TB1_T2Cell01_Nmito110_LES,149,155,0.11599,
TB1_T2Cell01_Nmito111_LES,142,148,0.200357,
TB1_T2Cell01_Nmito112_LES,147,149,0.0620237,
TB1_T2Cell01_Nmito114_LES,131,145,0.410489,
TB1_T2Cell01_Nmito115_LES,136,148,0.38456,
TB1_T2Cell01_Nmito116_LES,133,148,0.559449,
TB1_T2Cell01_Nmito117_LES,139,144,0.214482,
TB1_T2Cell01_Nmito118_LES,139,170,0.292272,
TB1_T2Cell01_Nmito119_LES,133,143,0.508441,
TB1_T2Cell01_Nmito120_LES,146,150,0.0867958,
TB1_T2Cell01_Nmito121_LES,144,147,0.120197,
TB1_T2Cell01_Nmito122_LES,139,142,0.110617,
TB1_T2Cell01_Nmito123_LES,131,139,0.386839,
TB1_T2Cell01_Nmito124_LES,125,141,0.255346,
TB1_T2Cell01_Nmito125_LES,134,140,0.277091,
TB1_T2Cell01_Nmito126_LES,128,141,0.385365,
TB1_T2Cell01_Nmito128_LES,132,158,0.667689,
TB1_T2Cell01_Nmito129_LES,137,146,0.109742,
TB1_T2Cell01_Nmito130_LES,132,141,0.400239,
TB1_T2Cell01_Nmito131_LES,134,140,0.151889,
TB1_T2Cell01_Nmito132_LES,122,138,0.702948,
TB1_T2Cell01_Nmito133_LES,131,139,0.146845,
TB1_T2Cell01_Nmito134_LES,129,139,0.700433,
TB1_T2Cell01_Nmito135_LES,116,140,0.906188,
TB1_T2Cell01_Nmito136_LES,112,117,0.326586,
TB1_T2Cell01_Nmito137_LES,128,138,0.239011,
TB1_T2Cell01_Nmito138_LES,126,144,0.287103,
TB1_T2Cell01_Nmito139_LES,134,139,0.110404,
TB1_T2Cell01_Nmito140_LES,127,140,0.309568,
TB1_T2Cell01_Nmito141_LES,120,132,0.287944,
TB1_T2Cell01_Nmito142_LES,122,134,0.336271,
TB1_T2Cell01_Nmito143_LES,125,140,0.320602,
TB1_T2Cell01_Nmito144_LES,112,136,0.526839,
TB1_T2Cell01_Nmito145_LES,131,139,0.180003,
TB1_T2Cell01_Nmito146_LES,121,128,0.334311,
TB1_T2Cell01_Nmito147_LES,113,131,0.752506,
TB1_T2Cell01_Nmito148_LES,126,133,0.201522,
TB1_T2Cell01_Nmito149_LES,131,135,0.142203,
TB1_T2Cell01_Nmito150_LES,122,128,0.149309,
TB1_T2Cell01_Nmito151_LES,108,127,0.745339,
Tb1_T2Cell01_Nmito152_LES,127,138,0.201471,
TB1_T2Cell01_Nmito153_LES,132,140,0.284343,
TB1_T2Cell01_Nmito154_LES,131,138,0.171786,
TB1_T2Cell01_Nmito156_LES,58,144,2.04603,
TB1_T2Cell01_Nmito157_LES,126,131,0.160774,
TB1_T2Cell01_Nmito158_LES,124,135,0.730628,
TB1_T2Cell01_Nmito159_LES,114,129,0.609101,
TB1_T2Cell01_Nmito160_LES,136,143,0.381718,
TB1_T2Cell01_Nmito161_LES,133,148,0.659476,
TB1_T2Cell01_Nmito162_LES,112,171,2.16782,
TB1_T2Cell01_Nmito163_LES,144,148,0.127965,
TB1_T2Cell01_Nmito164_LES,144,148,0.242803,
TB1_T2Cell01_Nmito165_LES,113,148,0.429698,
TB1_T2Cell01_Nmito166_LES,59,129,1.14607,
TB1_T2Cell01_Nmito167_LES,18,102,1.52718,
TB1_T2Cell01_Nmito168_LES,25,76,1.31098,
TB1_T2Cell01_Nmito169_LES,43,59,0.46685,
TB1_T2Cell01_Nmito170_LES,112,124,0.709313,
TB1_T2Cell01_Nmito171_LES,106,123,1.13005,
TB1_T2Cell01_Nmito172_LES,122,163,0.382181,
TB1_T2Cell01_Nmito173_LES,143,156,0.0773471,
TB1_T2Cell01_Nmito174_LES,143,165,0.37429,
TB1_T2Cell01_Nmito175_LES,160,165,0.0454656,
TB1_T2Cell01_Nmito176_LES,148,170,0.256271,
TB1_T2Cell01_Nmito177_LES,162,165,0.0175546,
TB1_T2Cell01_Nmito178_LES,153,163,0.267348,
TB1_T2Cell01_Nmito179_LES,147,156,0.18419,
TB1_T2Cell01_Nmito180_LES,134,162,0.325777,
TB1_T2Cell01_Nmito181_LES,149,163,0.185642,
TB1_T2Cell01_Nmito182_LES,152,163,0.117308,
TB1_T2Cell01_Nmito183_LES,148,166,0.15096,
TB1_T2Cell01_Nmito184_LES,150,161,0.110094,
TB1_T2Cell01_Nmito185_LES,125,146,0.137956,
TB1_T2Cell01_Nmito186_LES,118,129,0.335053,
TB1_T2Cell01_Nmito187_LES,108,113,0.109364,
TB1_T2Cell01_Nmito188_LES,107,121,0.173303,
TB1_T2Cell01_Nmito189_LES,103,129,0.302279,
TB1_T2Cell01_Nmito190_LES,96,115,0.104425,
TB1_T2Cell01_Nmito191_LES,108,124,0.0627615,
TB1_T2Cell01_Nmito192_LES,114,126,0.213183,
TB1_T2Cell01_Nmito193_LES,98,123,0.501252,
TB1_T2Cell01_Nmito194_LES,100,116,0.153061,
TB1_T2Cell01_Nmito195_LES,102,117,0.162287,
TB1_T2Cell01_Nmito196_LES,104,119,0.233574,
TB1_T2Cell01_Nmito197_LES,118,122,0.0705801,
TB1_T2Cell01_Nmito198_LES,122,125,0.0220226,
TB1_T2Cell01_Nmito199_LES,124,125,0.0202488,
TB1_T2Cell01_Nmito200_LES,106,116,0.091951,
TB1_T2Cell01_Nmito201_LES,102,115,0.101305,
TB1_T2Cell01_Nmito202_LES,107,120,0.109403,
TB1_T2Cell01_Nmito203_LES,100,115,0.288127,
TB1_T2Cell01_Nmito204_LES,97,115,0.121322,
TB1_T2Cell01_Nmito205_LES,97,101,0.0162162,
TB1_T2Cell01_Nmito206_LES,100,104,0.0436019,
TB1_T2Cell01_Nmito207_LES,99,123,0.686452,
TB1_T2Cell01_Nmito209_LES,112,119,0.108773,
TB1_T2Cell01_Nmito210_LES,105,111,0.0522259,
TB1_T2Cell01_Nmito211_LES,106,113,0.0560763,
TB1_T2Cell01_Nmito212_LES,116,133,0.0888864,
TB1_T2Cell01_Nmito213_LES,116,124,0.161759,
TB1_T2Cell01_Nmito214_LES,120,125,0.0468602,
TB1_T2Cell01_Nmito215_LES,114,121,0.114229,
TB1_T2Cell01_Nmito216_LES,106,122,0.249215,
TB1_T2Cell01_Nmito217_LES,108,123,0.206784,
TB1_T2Cell01_Nmito218_LES,118,122,0.0959513,
Tb1_T2Cell01_Nmito219_LES,119,125,0.173303,
TB1_T2Cell01_Nmito220_LES,124,126,0.081815,
TB1_T2Cell01_Nmito221_LES,122,125,0.0557055,
TB1_T2Cell01_Nmito222_LES,116,132,0.161668,
TB1_T2Cell01_Nmito223_LES,126,131,0.0533562,
TB1_T2Cell01_Nmito224_LES,131,137,0.0333518,
TB1_T2Cell01_Nmito225_LES,137,145,0.0748294,
TB1_T2Cell01_Nmito226_LES,141,148,0.111347,
TB1_T2Cell01_Nmito227_LES,143,150,0.125533,
TB1_T2Cell01_Nmito228_LES,142,152,0.0663497,
TB1_T2Cell01_Nmito229_LES,144,146,0.0456694,
TB1_T2Cell01_Nmito230_LES,140,150,0.11892,
TB1_T2Cell01_Nmito231_LES,146,158,0.228717,
TB1_T2Cell01_Nmito232_LES,151,162,0.11281,
TB1_T2Cell01_Nmito233_LES,116,121,0.0254112,
TB1_T2Cell01_Nmito234_LES,105,136,0.253056,
TB1_T2Cell01_Nmito235_LES,66,150,0.733792,
TB1_T2Cell01_Nmito236_LES,59,77,0.148875,
TB1_T2Cell01_Nmito237_LES,66,109,0.256773,
TB1_T2Cell01_Nmito238_LES,93,101,0.0758663,
TB1_T2Cell01_Nmito239_LES,48,56,0.127492,
TB1_T2Cell01_Nmito240_LES,26,41,0.176859,
TB1_T2Cell01_Nmito241_LES,25,37,0.181411,
TB1_T2Cell01_Nmito242_LES,37,43,0.0529139,
TB1_T2Cell01_Nmito243_LES,29,37,0.0907642,
TB1_T2Cell01_Nmito244_LES,34,45,0.0606036,
TB1_T2Cell01_Nmito245_LES,40,50,0.103847,
TB1_T2Cell01_Nmito246_LES,42,45,0.0723905,
TB1_T2Cell01_Nmito247_LES,42,59,0.12066,
TB1_T2Cell01_Nmito248_LES,30,51,0.227111,
TB1_T2Cell01_Nmito249_LES,46,55,0.0506793,
TB1_T2Cell01_Nmito250_LES,49,72,0.148641,
TB1_T2Cell01_Nmito251_LES,59,75,0.0794146,
TB1_T2Cell01_Nmito252_LES,64,71,0.0610835,
TB1_T2Cell01_Nmito253_LES,68,85,0.167949,
TB1_T2Cell01_Nmito254_LES,56,76,0.15137,
TB1_T2Cell01_Nmito255_LES,72,123,0.218276,
TB1_T2Cell01_Nmito257_LES,136,144,0.0807132,
TB1_T2Cell01_Nmito258_LES,132,148,0.19368,
TB1_T2Cell01_Nmito259_LES,145,148,0.0201383,
TB1_T2Cell01_Nmito260_LES,139,152,0.187497,
TB1_T2Cell01_Nmito261_LES,150,152,0.0457307,
TB1_T2Cell01_Nmito262_LES,141,155,0.391338,
TB1_T2Cell01_Nmito263_LES,145,151,0.0532915,
TB1_T2Cell01_Nmito264_LES,131,138,0.216416,
TB1_T2Cell01_Nmito265_LES,128,138,0.152692,
TB1_T2Cell01_Nmito266_LES,129,136,0.10037,
TB1_T2Cell01_Nmito267_LES,135,152,0.262054,
TB1_T2Cell01_Nmito268_LES,153,164,0.0916999,
TB1_T2Cell01_Nmito269_LES,158,162,0.0593531,
TB1_T2Cell01_Nmito270_LES,160,165,0.0327322,
TB1_T2Cell01_Nmito271_LES,154,160,0.0745709,
TB1_T2Cell01_Nmito272_LES,125,157,0.149111,
TB1_T2Cell01_Nmito273_LES,117,149,0.226608,
TB1_T2Cell01_Nmito274_LES,143,150,0.098588,
TB1_T2Cell01_Nmito275_LES,137,146,0.185856,
TB1_T2Cell01_Nmito276_LES,142,149,0.05564,
TB1_T2Cell01_Nmito277_LES,95,113,0.151303,
TB1_T2Cell01_Nmito278_LES,110,121,0.104358,
TB1_T2Cell01_Nmito279_LES,87,108,0.354548,
TB1_T2Cell01_Nmito280_LES,99,116,0.0806305,
TB1_T2Cell01_Nmito281_LES,112,125,0.0454638,
TB1_T2Cell01_Nmito282_LES,111,118,0.0309259,
TB1_T2Cell01_Nmito283_LES,66,83,0.180797,
TB1_T2Cell01_Nmito284_LES,79,84,0.0470925,
TB1_T2Cell01_Nmito285_LES,73,91,0.0879279,
TB1_T2Cell01_Nmito286_LES,33,43,0.337949,
TB1_T2Cell01_Nmito287_LES,27,38,0.102538,
TB1_T2Cell01_Nmito288_LES,1,19,0.254632,
TB1_T2Cell01_Nmito289_LES,10,13,0.0489785,
TB1_T2Cell01_Nmito290_LES,14,17,0.0610992,
TB1_T2Cell01_Nmito291_LES,1,4,0.0313598,
TB1_T2Cell01_Nmito292_LES,1,4,0.0189044,
TB1_T2Cell01_Nmito293_LES,1,9,0.0442532,
TB1_T2Cell01_Nmito294_LES,1,17,0.0765703,
TB1_T2Cell01_Nmito295_LES,1,13,0.0919481,
TB1_T2Cell01_Nmito296_LES,1,5,0.0603657,
TB1_T2Cell01_Nmito297_LES,1,5,0.02597,
TB1_T2Cell01_Nmito298_LES,1,9,0.0515048,
TB1_T2Cell01_Nmito299_LES,1,11,0.12281,
TB1_T2Cell01_Nmito300_LES,10,13,0.0296237,
TB1_T2Cell01_Nmito301_LES,18,28,0.157707,
TB1_T2Cell01_Nmito302_LES,14,26,0.0647275,
TB1_T2Cell01_Nmito303_LES,20,26,0.0659085,
TB1_T2Cell01_Nmito304_LES,18,28,0.086485,
TB1_T2Cell01_Nmito305_LES,16,39,0.14542,
TB1_T2Cell01_Nmito307_LES,110,113,0.0664094,
TB1_T2Cell01_Nmito308_LES,110,117,0.150919,
TB1_T2Cell01_Nmito309_LES,114,133,0.316559,
TB1_T2Cell01_Nmito310_LES,117,121,0.0764936,
TB1_T2Cell01_Nmito311_LES,117,125,0.120815,
TB1_T2Cell01_Nmito312_LES,118,122,0.0790848,
TB1_T2Cell01_Nmito313_LES,117,126,0.158112,
TB1_T2Cell01_Nmito314_LES,118,124,0.0956492,
TB1_T2Cell01_Nmito315_LES,118,121,0.0710572,
TB1_T2Cell01_Nmito316_LES,119,129,0.11059,
TB1_T2Cell01_Nmito317_LES,120,125,0.131667,
TB1_T2Cell01_Nmito318_LES,120,125,0.0639914,
TB1_T2Cell01_Nmito319_LES,125,129,0.0533313,
TB1_T2Cell01_Nmito320_LES,126,131,0.0556101,
TB1_T2Cell01_Nmito321_LES,131,135,0.0787967,
TB1_T2Cell01_Nmito322_LES,135,139,0.12547,
TB1_T2Cell01_Nmito323_LES,139,144,0.212502,
TB1_T2Cell01_Nmito324_LES,136,144,0.100816,
TB1_T2Cell01_Nmito325_LES,133,138,0.0672072,
TB1_T2Cell01_Nmito326_LES,136,141,0.0835946,
TB1_T2Cell01_Nmito327_LES,134,138,0.0524437,
TB1_T2Cell01_Nmito328_LES,133,140,0.0651868,
TB1_T2cell01_nuc_RSL,122,197,402.334,
TB1_T2Cell02_atmito03_RKJ,34,75,1.59595,
TB1_t2cell02_CM_RKJ,1,93,474.983,
TB1_t2cell02_nuc_RKJ,1,81,210.199,
TB1_t2cell05_atM01_RSL,47,61,0.150903,
TB1_t2cell05_atM02_RSL,48,68,0.310939,
TB1_t2cell05_atM03_RSL,60,71,0.186681,
TB1_t2cell05_atM04_RSL,66,74,0.115575,
TB1_t2cell05_CM_RKJ,1,189,970.644,
TB1_t2cell05_nuc_RKJ,1,101,240.995,
TB1_t2cell06_CM_RKJ,1,129,657.012,
TB1_t2cell06_nuc_RKJ,1,80,158.118,
TB1_T2Cell07_atmito01_RKJ,129,136,0.119349,
TB1_T2Cell07_atmito02_RKJ,129,143,0.446008,
TB1_T2Cell07_atmito07_RKJ,105,124,0.82325,
TB1_T2Cell07_atmito08_RKJ,175,188,0.439008,
TB1_T2Cell07_atmito08_RSL,148,167,2.5801,
TB1_T2Cell07_atmito09_RKJ,183,196,0.799054,
TB1_T2Cell07_atmito09_RSL,147,156,0.367793,
TB1_T2Cell07_atmito10_RKJ,203,213,0.51227,
TB1_T2Cell07_atmito11_RSL,58,73,0.158633,
TB1_T2Cell07_atmito12_RSL,105,123,5.84839,
TB1_T2Cell07_atmito13_cristae_RSL,114,125,0.450959,
TB1_T2Cell07_atmito13_RSL,114,125,1.24931,
TB1_t2cell07_atmito15_LES,136,156,1.45599,
TB1_t2cell07_atmito16_LES,145,152,0.666253,
TB1_t2cell07_atmito22_LES,122,136,1.41673,
TB1_t2cell07_CM_RKJ,1,218,2206.92,
TB1_t2cell07_nuc1_RKJ,116,200,185.098,
TB1_t2cell07_nuc2_RKJ,125,203,190.922,
TB1_T2Cell08_atmito05_Cristae_RSL,14,47,0.816321,
TB1_T2Cell08_atmito05_RKJ,14,47,1.59886,
TB1_T2Cell08_atmito18_RKJ,1,11,0.336442,
TB1_T2Cell08_atmito19_RKJ,1,9,0.184969,
TB1_T2cell08_atmito20_cristae_RSL,5,42,0.476871,
TB1_T2cell08_atmito20_RSL,5,42,1.69048,
TB1_t2cell08_CM_RKJ,1,128,155.78,
TB1_t2cell08_nuc_RKJ,1,32,28.8354,
TB1_t2cell10__nuc_RKJ,1,29,23.4676,
TB1_T2Cell10_atmito11_RKJ,5,24,0.757318,
TB1_T2Cell10_atmito12_RKJ,18,39,0.656176,
TB1_T2Cell10_atmito20_RKJ,1,9,0.381176,
TB1_T2Cell10_atmito21_RKJ,1,15,0.319084,
TB1_t2cell10_CM_RKJ,1,133,183.484,
TB1_T2Cell11_atM01_RSL,92,99,0.362425,
TB1_T2Cell11_CM_LES,92,203,680.981,
TB1_t2cell11_nuc_RKJ,98,185,180.139,
TB1_t2cell12_atM01_RSL,1,5,0.0662041,
TB1_t2cell12_CM_RKJ,1,123,342.587,
TB1_t2cell12_nuc_RKJ,1,29,31.2513,
TB1_t2cell13_atM01-hybrid_RSL,18,42,0.710675,
TB1_t2cell13_CM_RKJ,1,157,856.294,
TB1_t2cell13_nuc_RKJ,36,139,157.157,
TB1_t3cell01_CM_RKJ,1,139,526.429,
TB1_T3Cell01_junct01_ves_LES,56,70,0.0387337,
TB1_T3Cell01_junct02_ves_LES,53,63,0.0318061,
TB1_t3cell01_nuc_RKJ,60,134,169.586,
TB1_T3Cell02_atmito04_RKJ,44,56,0.47385,
TB1_t3cell02_CM_RKJ,1,89,357.659,
TB1_t3cell02_nuc_RKJ,1,68,155.761,
TB1_t3cell03_CM_RKJ,37,161,558.865,
TB1_t3cell03_nuc_RKJ,61,153,184.925,
TB1_t3cell04_CM_RKJ,1,86,389.499,
TB1_T3Cell04_junct01_ves_LES,3,32,0.0559579,
TB1_t3cell04_nuc_RKJ,1,51,99.9103,
TB1_T3cell05_CM_RKJ,1,138,181.028,
TB1_T3Cell06_CM_LES,1,90,623.498,
TB1_T3Cell06_junct01_ves_LES,56,60,0.0118929,
TB1_T3Cell06_junct02_ves_LES,46,64,0.062963,
TB1_T3Cell06_junct03_ves_LES,23,34,0.0266869,
TB1_T3Cell06_junct04_ves_LES,27,47,0.054366,
TB1_T3Cell06_Nuc_LES,1,77,225.906,
TB1_T3Cell07_CM_LES,1,87,6.65254,
TB1_T3Cell08_CM_RKJ,1,116,318.493,
TB1_T3Cell08_nuc_RKJ,1,36,38.9368,
TB1_t3cell09_CM_RKJ,1,115,713.746,
TB1_t3cell09_nuc_RKJ,30,105,206.903,
TB2_Basal01_CM_KP,546,563,35.7247,
TB2_Basal01_nuc_KP,550,563,8.53829,
TB2_Basal02_CM_KP,473,563,253.978,
TB2_Basal02_nuc_KP,487,563,134.42,
TB2_Basal03_nuc_KP,528,563,90.5019,
TB2_Basal04_nuc_KP,486,563,125.399,
Tb2_Basal05_Nuc_DE,357,408,65.4858,
Tb2_Basal05_Nuchole_DE,396,403,1.07778,
TB2_Basal06_nuc_LES,315,351,105.088,
TB2_BasalCell07_CM_LES,289,342,372.366,
TB2_BasalCell07_nuc_LES,295,339,138.067,
TB2_Edge_nmito011_DSU,440,451,0.476247,
TB2_Edge_nmito012_DSU,389,397,0.403079,
TB2_Edge_nmito013_DSU,472,479,0.450848,
TB2_Edge_nmito014_DSU,477,479,0.214191,
TB2_Edge_nmito015_DSU,479,487,0.516732,
TB2_Edge_nmito016_DSU,475,481,0.981931,
TB2_Edge_nmito017_DSU,472,478,0.444538,
TB2_Edge01_nuc_KP,498,563,105.889,
TB2_Edge02_nuc_KP,477,557,168.533,
TB2_Edge03_nmito001_DSU,454,496,2.31816,
TB2_Edge03_nuc_KP,446,563,165.534,
TB2_Edge04_nuc_KP,472,533,137.971,
TB2_Edge05_Nmito001_DSU,460,471,0.387166,
TB2_Edge05_nmito002_DSU,458,461,0.144238,
TB2_Edge05_nmito003_DSU,457,461,0.334192,
TB2_Edge05_nmito004_DSU,463,467,0.128596,
TB2_Edge05_nmito005_DSU,468,473,0.284674,
TB2_Edge05_nmito006_DSU,460,469,0.356005,
TB2_Edge05_nmito007_DSU,458,465,0.390725,
TB2_Edge05_nmito008_DSU,468,471,0.235843,
TB2_Edge05_nmito009_DSU,453,465,1.43134,
TB2_Edge05_nmito010_DSU,464,470,0.148514,
TB2_IMMCell01_Nuc_DE,381,463,173.042,
TB2_IMMCell01_NucHole_DE,406,451,1.01984,
TB2_NF001_LES,273,563,33.6418,
TB2_NF01_LES,345,485,44.94,
TB2_NF02_LES,494,545,4.40046,
TB2_NF03_LES,391,407,1.85741,
TB2_NF04_LES,314,532,34.8247,
TB2_NF05_LES,363,554,47.5241,
TB2_NF06_LES,388,563,12.5906,
TB2_NF07_RSL,272,563,93.6392,
TB2_NF08_RSL,377,563,71.2281,
TB2_NF09_RSL,351,460,32.5841,
TB2_NF10_RSL,558,563,0.548578,
TB2_NF11_RSL,528,563,4.80322,
TB2_NF12_RSL,376,563,80.0926,
TB2_NF13_RSL,325,522,108.037,
TB2_NF13junctves_RSL,365,370,0.028453,
TB2_NF14_RSL,339,427,28.675,
TB2_NF14junctves_RSL,346,374,0.0698817,
TB2_NF15_RSL,340,523,23.3058,
TB2_NF15junctves_RSL,345,364,0.204679,
TB2_NF16_KP,524,563,15.135,
TB2_NF17_RSL,355,561,23.8393,
TB2_NF18_RSL,434,485,33.0553,
TB2_NF19_RSL,404,418,0.39578,
TB2_NF21_LES,307,549,93.0214,
TB2_NF24_LES,327,524,100.5,
TB2_NF25_LES,391,445,4.65022,
Tb2_NF26_LES,403,462,18.2536,
Tb2_NF27_LES,399,452,9.85358,
Tb2_NF28_LES,454,563,12.5965,
Tb2_NF29_LES,285,445,14.1897,
Tb2_NF31_LES,505,555,8.89298,
Tb2_NF32_LES,310,563,108.6,
Tb2_NF34_LES,302,525,61.145,
Tb2_NF35_LES,321,500,12.8063,
Tb2_NF36_LES,340,563,14.233,
Tb2_NF37_LES,549,563,1.33404,
Tb2_NF38_LES,535,563,8.3118,
Tb2_NF39_LES,548,563,8.21894,
Tb2_NF40_LES,270,563,37.4374,
Tb2_NF41_LES,471,563,34.6866,
Tb2_NF43_LES,450,563,6.08591,
Tb2_NF44_LES,464,563,15.9557,
Tb2_NF45_LES,491,563,9.69563,
Tb2_NF46_LES,544,563,2.45884,
Tb2_NF47_LES,495,563,11.9004,
Tb2_NF48_LES,337,563,18.3014,
Tb2_NF49_LES,359,521,24.5965,
Tb2_NF50_LES,538,563,12.9597,
Tb2_NF51_LES,491,563,8.4049,
Tb2_NF52_LES,332,563,55.3893,
Tb2_NF53_LES,348,525,17.6297,
Tb2_NF54_LES,290,423,13.1915,
Tb2_NF57_LES,384,563,14.9484,
Tb2_NF58_LES,378,407,11.1367,
Tb2_NF59_LES,368,535,8.05596,
Tb2_NF63_LES,512,563,4.32864,
Tb2_NF64_LES,414,563,8.57426,
Tb2_NF66_LES,349,439,8.11464,
Tb2_NF67_LES,435,489,6.9361,
Tb2_NF69_LES,408,563,7.07111,
TB2_NF71_LES,462,479,1.02581,
TB2_NF72_RSL,518,563,18.0066,
TB2_shell_RSL,300,563,28479.9,
TB2_T1Cell01_CM_KP,542,563,24.4701,
TB2_T1Cell01_Nuc_DE,357,420,95.9357,
TB2_T1Cell01_nuc_KP,547,563,8.39591,
TB2_T1Cell02_nuc_KP,476,563,83.3868,
TB2_T1Cell03_nuc_KP,545,563,12.6221,
TB2_T1Cell04_nuc_KP,420,532,140.412,
TB2_T1Cell05_nuc_KP,463,535,169.154,
TB2_T1Cell06_Nuc_KP,465,538,139.538,
TB2_T1Cell07_nmito001_DSU,464,471,0.636043,
TB2_t1cell08_CM_LES,345,499,655.563,
TB2_t1cell08_nuc_DE,381,463,173.044,
TB2_T1Cell09_CM_KP,487,530,69.8533,
TB2_T1Cell09_nuc_KP,505,563,150.526,
TB2_T1Cell10_CM_KP,487,563,349.8,
TB2_T1cell10_nuc_RSL,488,563,324.949,
TB2_T1Cell11_nuc_KP,515,563,123.006,
TB2_T1cell12_nuc_RSL,399,469,76.0905,
TB2_T1cell12_RSL,396,513,485.822,
TB2_t2cell01_atmito01_RKJ,406,430,0.70574,
TB2_t2cell01_atmito02_RKJ,397,408,0.53591,
TB2_t2cell01_atmito03_RKJ,456,474,0.332554,
TB2_t2cell01_atmito04_RKJ,400,423,0.653312,
TB2_t2cell01_atmito05_RKJ,392,397,0.256459,
TB2_t2cell01_atmito06_RKJ,526,530,0.0887662,
TB2_t2cell01_atmito07_RKJ,465,505,0.280333,
TB2_t2cell01_atmito08_RKJ,480,498,0.313183,
TB2_t2cell01_atmito09_RKJ,497,514,0.467423,
TB2_t2cell01_atmito10_RKJ,500,513,0.120963,
TB2_t2cell01_atmito11_RKJ,488,497,0.0883239,
TB2_t2cell01_atmito12_RKJ,406,505,0.479465,
TB2_t2cell01_atmito13_RKJ,385,491,0.773912,
TB2_t2cell01_atmito14_RKJ,401,405,0.283764,
TB2_t2cell01_atmito15_RKJ,402,404,0.0370737,
TB2_t2cell01_atmito16_RKJ,400,407,0.198124,
TB2_t2cell01_atmito17_RKJ,404,407,0.113113,
TB2_t2cell01_atmito18_RKJ,399,403,0.154179,
TB2_t2cell01_atmito20_RKJ,509,515,0.0360673,
TB2_t2cell01_atmito21_RKJ,509,521,0.254289,
TB2_t2cell01_atMito22_RKJ,521,531,0.242401,
TB2_T2cell01_CM_LES,334,557,1027.24,
TB2_t2cell01_nmito001_RKJ,421,506,0.827804,
TB2_t2cell01_nmito002_RKJ,473,521,1.22619,
TB2_t2cell01_nmito003_Rkj,412,485,1.39468,
TB2_t2cell01_nmito004_RKJ,468,478,0.0904137,
TB2_t2cell01_nmito005_RKJ,472,479,0.0369909,
TB2_t2cell01_nmito006_RKJ,499,528,0.196784,
TB2_t2cell01_nmito007_RKJ,513,521,0.170383,
TB2_t2cell01_nmito008_RKJ,521,525,0.0359788,
TB2_t2cell01_nmito010_RKJ,507,529,1.68497,
TB2_t2cell01_nmito011_RKJ,479,522,0.776582,
TB2_t2cell01_nmito012_RKJ,501,515,0.369178,
TB2_t2cell01_nmito013_RKJ,498,521,0.490472,
TB2_t2cell01_nmito014_RKJ,437,505,1.34796,
TB2_t2cell01_nmito015_RKJ,505,510,0.0577066,
TB2_t2cell01_nmito016_RKJ,399,474,0.710123,
TB2_t2cell01_nmito017_RKJ,422,443,0.159764,
TB2_t2cell01_nmito018_RKJ,421,432,0.119673,
TB2_t2cell01_nmito019_RKJ,468,495,0.305203,
TB2_t2cell01_nmito020_RKJ,465,503,0.251532,
TB2_t2cell01_nmito021_RKJ,500,511,0.0863295,
TB2_t2cell01_nmito023_RKJ,496,509,0.113083,
TB2_t2cell01_nmito024_RKJ,466,499,0.79733,
TB2_t2cell01_nmito025_RKJ,499,522,0.268439,
TB2_t2cell01_nmito026_RKJ,495,502,0.0778373,
TB2_t2cell01_nmito027_RKJ,393,405,0.117169,
TB2_t2cell01_nmito028_RKJ,361,401,0.666662,
TB2_t2cell01_nmito029_RKJ,420,499,0.701192,
TB2_t2cell01_nmito030_RKJ,422,432,0.0998279,
TB2_t2cell01_nmito031_RKJ,424,460,0.348765,
TB2_t2cell01_nmito032_RKJ,428,438,0.0836883,
TB2_t2cell01_nmito033_RKJ,424,434,0.115653,
TB2_t2cell01_nmito034_RKJ,420,431,0.266171,
TB2_t2cell01_nmito035_RKJ,407,455,0.633815,
TB2_t2cell01_nmito036_RKJ,440,457,0.110364,
TB2_t2cell01_nmito037_RKJ,432,443,0.0821993,
TB2_t2cell01_nmito038_RKJ,436,443,0.0652873,
TB2_t2cell01_nmito039_RKJ,430,467,0.194102,
TB2_t2cell01_nmito040_RKJ,426,452,0.29555,
TB2_t2cell01_nmito041_RKJ,456,492,0.861475,
TB2_t2cell01_nmito042_RKJ,470,509,0.748754,
TB2_t2cell01_nmito043_RKJ,458,519,0.826141,
TB2_t2cell01_nmito044_RKJ,468,500,0.331415,
TB2_t2cell01_nmito045_RKJ,496,503,0.0636815,
TB2_t2cell01_nmito046_RKJ,480,505,0.687731,
TB2_t2cell01_nmito047_RKJ,462,520,0.95425,
TB2_t2cell01_nmito048_RKJ,462,477,0.24925,
TB2_t2cell01_nmito049_RKJ,477,492,0.0729533,
TB2_t2cell01_nmito050_RKJ,483,491,0.170057,
TB2_t2cell01_nmito051_RKJ,480,517,0.726136,
TB2_t2cell01_nmito052_RKJ,459,533,4.02999,
TB2_t2cell01_nmito053_RKJ,518,520,0.0337408,
TB2_t2cell01_nmito054_RKJ,495,500,0.0539416,
TB2_t2cell01_nmito055_RKJ,480,525,0.804587,
TB2_t2cell01_nmito056_RKJ,513,529,0.739412,
TB2_t2cell01_nmito057_RKJ,508,521,0.216816,
TB2_t2cell01_nmito058_RKJ,509,515,0.106593,
TB2_t2cell01_nmito059_RKJ,513,518,0.0732999,
TB2_t2cell01_nmito060_RKJ,513,519,0.119528,
TB2_t2cell01_nmito061_RKJ,470,521,1.53997,
TB2_t2cell01_nmito062_RKJ,516,519,0.0320911,
TB2_t2cell01_nmito063_RKJ,525,528,0.0613449,
TB2_t2cell01_nmito064_RKJ,526,531,0.0678353,
TB2_t2cell01_nmito065_RKJ,519,527,0.160153,
TB2_t2cell01_nmito066_RKJ,526,535,0.0826174,
TB2_t2cell01_nmito067_RKJ,517,529,0.105949,
TB2_t2cell01_nmito068_RKJ,517,527,0.232703,
TB2_t2cell01_nmito069_RKJ,510,520,0.0769018,
TB2_t2cell01_nmito070_RKJ,506,515,0.0900831,
TB2_t2cell01_nmito071_RKJ,506,513,0.190254,
TB2_t2cell01_nmito072_RKJ,516,519,0.041084,
TB2_t2cell01_nmito073_RKJ,513,517,0.038907,
TB2_t2cell01_nmito074_RKJ,504,509,0.154467,
TB2_t2cell01_nmito075_RKJ,495,515,0.122159,
TB2_t2cell01_nmito076_RKJ,489,504,0.222294,
TB2_t2cell01_nmito077_RKJ,488,507,0.944048,
TB2_t2cell01_nmito078_RKJ,474,485,0.109836,
TB2_t2cell01_nmito079_RKJ,482,486,0.0619911,
TB2_t2cell01_nmito080_RKJ,485,491,0.0965267,
TB2_t2cell01_nmito081_RKJ,478,484,0.0311519,
TB2_t2cell01_nmito082_RKJ,481,490,0.111379,
TB2_t2cell01_nmito083_RKJ,487,500,0.239012,
TB2_t2cell01_nmito084_RKJ,492,508,0.687594,
TB2_t2cell01_nmito085_RKJ,489,505,0.4147,
TB2_t2cell01_nmito086_RKJ,497,521,0.491706,
TB2_t2cell01_nmito087_RKJ,499,509,0.287404,
TB2_t2cell01_nmito088_RKJ,496,527,0.086631,
TB2_t2cell01_nmito089_RKJ,511,522,0.0516965,
TB2_t2cell01_nmito090_RKJ,507,517,0.0342452,
TB2_t2cell01_nmito091_RKJ,480,494,0.111082,
TB2_t2cell01_nmito092_RKJ,479,492,0.125819,
TB2_t2cell01_nmito093_RKJ,397,412,0.29218,
TB2_t2cell01_nmito094_RKJ,439,451,0.0892015,
TB2_t2cell01_nmito095_RKJ,365,384,0.21349,
TB2_t2cell01_nmito096_RKJ,426,447,0.122937,
TB2_t2cell01_nmito097_RKJ,409,415,0.0327966,
TB2_t2cell01_nmito098_RKJ,382,396,0.320127,
TB2_t2cell01_nmito099_RKJ,382,398,0.217218,
TB2_t2cell01_nmito100_RKJ,397,405,0.054061,
TB2_t2cell01_nmito101_RKJ,350,384,0.703648,
TB2_t2cell01_nmito102_RKJ,350,355,0.0836151,
TB2_t2cell01_nmito103_RKJ,352,375,0.265047,
TB2_t2cell01_nmito104_RKJ,363,370,0.292972,
TB2_t2cell01_nmito105_RKJ,370,376,0.108505,
TB2_t2cell01_nmito106_RKJ,382,393,0.43754,
TB2_t2cell01_nmito107_RKJ,370,400,0.238466,
TB2_t2cell01_nmito108_RKJ,351,382,0.685313,
TB2_t2cell01_nmito109_RKJ,354,425,1.26379,
TB2_t2cell01_nmito110_RKJ,355,384,0.646097,
TB2_t2cell01_nmito111_RKJ,373,412,0.416468,
TB2_t2cell01_nmito112_RKJ,367,374,0.0350326,
TB2_t2cell01_nmito113_RKJ,360,363,0.0151187,
TB2_t2cell01_nmito114_RKJ,420,426,0.0683651,
TB2_t2cell01_nmito115_RKJ,393,404,0.197866,
TB2_t2cell01_nmito116_RKJ,397,405,0.0497372,
TB2_t2cell01_nmito117_RKj,395,401,0.135015,
TB2_t2cell01_nmito118_RKJ,399,403,0.0260144,
TB2_t2cell01_nmito119_RKJ,356,372,0.161292,
TB2_t2cell01_nmito120_RKJ,356,433,0.68604,
TB2_t2cell01_nmito121_RKJ,370,390,0.265335,
TB2_t2cell01_nmito122_RKJ,364,367,0.032168,
TB2_t2cell01_nmito123_RKJ,345,362,0.237632,
TB2_t2cell01_nmito124_RKJ,351,378,0.322216,
TB2_t2cell01_nmito125_RKJ,355,379,0.177927,
TB2_t2cell01_nmito126_RKJ,396,398,0.0209,
TB2_t2cell01_nmito127_RKJ,350,363,0.0992632,
TB2_t2cell01_nmito128_RKJ,356,359,0.0214835,
TB2_t2cell01_nmito129_RKJ,357,360,0.0264706,
TB2_t2cell01_nmito130_RKJ,357,361,0.0220913,
TB2_t2cell01_nmito131_RKJ,367,381,0.101571,
TB2_t2cell01_nmito132_RKJ,375,386,0.14304,
TB2_t2cell01_nmito133_RKJ,380,385,0.0232327,
TB2_t2cell01_nmito134_RKJ,384,396,0.0763901,
TB2_t2cell01_nmito135_RKJ,384,392,0.152642,
TB2_t2cell01_nmito136_RKJ,390,394,0.0305121,
TB2_t2cell01_nmito137_RKJ,394,397,0.0091573,
TB2_t2cell01_nmito138_RKJ,409,415,0.0195951,
TB2_t2cell01_nmito139_RKJ,404,408,0.019663,
TB2_t2cell01_nmito140_RKJ,387,394,0.0966445,
TB2_t2cell01_nmito141_RKJ,391,415,0.0845619,
TB2_t2cell01_nmito142_RKJ,404,420,0.0652517,
TB2_t2cell01_nmito143_RKJ,412,440,0.136032,
TB2_t2cell01_nmito144_RKJ,418,451,1.13155,
TB2_t2cell01_nmito145_RKJ,419,435,0.109773,
TB2_t2cell01_nmito146_RKJ,402,407,0.0422967,
TB2_t2cell01_nmito147_RKJ,412,423,0.0661383,
TB2_t2cell01_nmito148_RKJ,403,443,0.29695,
TB2_t2cell01_nmito150_RKJ,406,409,0.0117512,
TB2_t2cell01_nmito151_RKJ,420,428,0.0236651,
TB2_t2cell01_nmito152_RKJ,445,450,0.0378103,
TB2_t2cell01_nmito153_RKJ,381,527,0.213668,
TB2_t2cell01_nuc_RKJ,423,523,200.46,
TB2_t2cell01_transmito01_RKJ,385,395,0.128553,
TB2_t2cell01_transmito02_RKJ,477,511,0.153331,
TB2_t2cell01_transmito03_RKJ,363,432,1.15844,
TB2_t2cell01_transmito04_RKJ,352,399,0.577116,
TB2_t2cell01_transmito05_RKJ,390,404,0.179087,
TB2_t2cell01_transmito06_RKJ,430,448,0.150155,
TB2_t2cell02_atmito01_RSL,401,432,1.7749,
TB2_t2cell02_atmito02_RSL,410,447,1.62945,
TB2_t2cell02_atmito03_RSL,391,419,3.05496,
TB2_t2cell02_atmito04_RSL,432,457,4.50605,
TB2_t2cell02_atmito05_RKJ,428,441,0.16565,
TB2_t2cell02_atmito06_RSL,440,462,1.59723,
TB2_t2cell02_atmito07_LES,449,459,0.248561,
TB2_t2cell02_atmito08_RKJ,450,462,0.152674,
TB2_t2cell02_atmito09_RKJ,450,454,0.0857925,
TB2_t2cell02_atmito10_RSL,474,487,1.288,
TB2_t2cell02_atmito11_RSL,472,485,2.31112,
TB2_t2cell02_atmito12_RSL,480,501,1.64854,
TB2_t2cell02_atmito13_RSL,408,423,0.226167,
TB2_T2cell02_CM_RSL,349,557,1173.38,
TB2_t2cell02_nmito001_DSU,406,415,0.353996,
TB2_T2Cell02_Nmito001_LES,455,469,0.364075,
TB2_t2cell02_nmito002_DSU,401,423,0.384144,
TB2_T2Cell02_Nmito003_LES,448,457,0.126198,
TB2_t2cell02_nmito003_LES,414,420,0.0480152,
TB2_t2cell02_nmito004_DSU,405,422,0.405853,
TB2_t2cell02_nmito005_DSU,408,423,0.187617,
TB2_t2cell02_nmito006_DSU,402,420,0.310831,
TB2_t2cell02_nmito007_DSU,401,421,0.616091,
TB2_t2cell02_nmito008_DSU,416,427,0.364767,
TB2_t2cell02_nmito009_DSU,418,421,0.127683,
TB2_t2cell02_nmito010_DSU,418,431,0.210283,
TB2_t2cell02_nmito011_DSU,418,427,0.141193,
TB2_t2cell02_nmito012_DSU,418,427,0.193253,
TB2_t2cell02_nmito013_DSU,418,429,0.0947028,
TB2_t2cell02_nmito014_DSU,418,419,0.0956992,
TB2_t2cell02_nmito015_DSU,418,428,0.161833,
TB2_t2cell02_nmito016_LES,420,434,0.152959,
TB2_t2cell02_nmito017_DSU,421,449,0.181794,
TB2_t2cell02_nmito018_DSU,421,428,0.153187,
TB2_t2cell02_nmito019_DSU,420,427,0.20952,
TB2_t2cell02_nmito020_DSU,424,432,0.241371,
TB2_t2cell02_nmito021_DSU,422,427,0.10548,
TB2_t2cell02_nmito022_DSU,424,436,0.190393,
TB2_t2cell02_nmito023_DSU,425,429,0.174096,
TB2_t2cell02_nmito024_LES,424,457,0.748201,
TB2_t2cell02_nmito025_LES,454,480,0.222175,
TB2_t2cell02_nmito026_LES,428,457,0.447527,
TB2_t2cell02_nmito027_LES,428,430,0.059035,
TB2_t2cell02_nmito028_DSU,425,461,0.449522,
TB2_t2cell02_nmito029_DSU,427,430,0.101903,
TB2_t2cell02_nmito030_DSU,428,431,0.0874665,
TB2_t2cell02_nmito031_DSU,429,436,0.235019,
TB2_t2cell02_nmito032_DSU,429,447,0.294877,
TB2_t2cell02_nmito033_DSU,426,441,0.120798,
TB2_t2cell02_nmito034_DSU,434,451,0.418094,
TB2_t2cell02_nmito035_DSU,434,441,0.083891,
TB2_t2cell02_nmito036_DSU,435,445,0.0577475,
TB2_t2cell02_nmito037_DSU,438,465,0.471402,
TB2_t2cell02_nmito038_DSU,434,457,0.331357,
TB2_t2cell02_nmito039_DSU,438,448,0.191886,
TB2_t2cell02_nmito040_DSU,439,461,0.296893,
TB2_t2cell02_nmito041_DSU,438,455,0.389311,
TB2_t2cell02_nmito042_DSU,439,445,0.122444,
TB2_t2cell02_nmito043_DSU,442,447,0.241348,
TB2_t2cell02_nmito044_DSU,443,450,0.0761744,
TB2_t2cell02_nmito045_DSU,444,445,0.0816424,
TB2_t2cell02_nmito046_DSU,445,453,0.0463294,
TB2_t2cell02_nmito047_DSU,448,451,0.132637,
TB2_t2cell02_nmito048_DSU,453,455,0.127587,
TB2_t2cell02_nmito049_DSU,453,455,0.0920638,
TB2_t2cell02_nmito050_DSU,458,465,0.393575,
TB2_t2cell02_nmito051_DSU,458,476,0.286212,
TB2_t2cell02_nmito052_DSU,458,473,0.322659,
TB2_t2cell02_nmito053_DSU,463,471,0.194502,
TB2_t2cell02_nmito054_DSU,466,469,0.0751346,
TB2_t2cell02_nmito055_DSU,472,479,0.187876,
TB2_t2cell02_nmito056_DSU,393,408,0.252537,
TB2_t2cell02_nmito057_DSU,387,407,0.329539,
TB2_t2cell02_nmito058_DSU,391,405,0.377148,
TB2_t2cell02_nmito059_DSU,389,399,0.203664,
TB2_t2cell02_nmito060_DSU,389,392,0.124943,
TB2_T2Cell02_nmito061_DSU,454,456,0.0381724,
TB2_T2Cell02_nmito062_DSU,456,460,0.137854,
TB2_T2Cell02_nmito063_DSU,381,382,0.0106967,
TB2_T2Cell02_nmito064_DSU,386,388,0.107845,
TB2_T2Cell02_nmito065_DSU,387,392,0.109138,
TB2_T2Cell02_Nmito066_DSU,385,388,0.0818774,
TB2_T2Cell02_nmito067_DSU,383,386,0.0442409,
TB2_T2Cell02_nmito068_DSU,382,389,0.271405,
TB2_T2Cell02_nmito069_DSU,383,386,0.061703,
TB2_T2Cell02_nmito070_DSU,375,382,0.33301,
TB2_T2Cell02_Nuc_DE,379,482,182.957,
TB2_t2cell02_nuc_RSL,379,483,354.307,
TB2_T2Cell03_atmito01_LES,460,467,0.0934394,
TB2_T2Cell03_atmito02_DSU,460,463,0.109827,
TB2_T2Cell03_atmito03_DSU,451,461,0.3257,
TB2_T2Cell03_atmito04_LES,460,473,0.405216,
TB2_T2Cell03_atmito05_DSU,453,461,0.60938,
TB2_t2cell03_atmito05_DSU,452,452,0.00949709,
TB2_T2Cell03_atmito06,433,441,0.551064,
TB2_T2Cell03_atmito07,428,441,0.421953,
TB2_T2Cell03_atmito08,422,441,0.326631,
TB2_T2Cell03_atmito09_LES,411,427,0.217208,
TB2_T2Cell03_atmito10_LES,444,463,0.4576,
TB2_T2Cell03_atmito11_LES,469,474,0.146882,
TB2_t2cell03_atmito12_RSL,463,475,0.253867,
TB2_t2cell03_atmito13_RSL,403,417,0.249807,
TB2_t2cell03_atmito15_RSL,422,445,2.61966,
TB2_t2cell03_atmito17_RSL,465,480,4.57714,
TB2_T2Cell03_CM_LES,375,551,925.048,
TB2_T2Cell03_CM_LYS_RSL,386,489,3.61467,
TB2_t2cell03_nmito001_DSU,448,452,0.0351617,
TB2_T2Cell03_nmito001_LES,444,458,0.189409,
TB2_T2Cell03_nmito002_LES,456,463,0.0639714,
TB2_T2Cell03_nmito003_LES,446,455,0.211627,
TB2_T2Cell03_nmito004_LES,456,460,0.0577134,
TB2_T2Cell03_nmito005_LES,450,465,0.113195,
TB2_T2Cell03_nmito006_LES,450,462,0.0882874,
TB2_T2Cell03_nmito007_LES,444,472,0.476862,
TB2_T2Cell03_nmito008_LES,467,473,0.0452279,
TB2_T2Cell03_nmito009_LES,450,480,0.247954,
TB2_T2Cell03_nmito010_LES,458,465,0.055712,
TB2_T2Cell03_nmito011_LES,435,473,0.435908,
TB2_T2Cell03_nmito012_LES,416,478,1.25163,
TB2_T2Cell03_nmito013_LES,477,482,0.0475076,
TB2_T2Cell03_nmito014_LES,477,484,0.034345,
TB2_T2Cell03_nmito015_LES,438,488,0.741789,
TB2_T2Cell03_nmito016_LES,485,495,0.0783729,
TB2_T2Cell03_nmito017_LES,473,485,0.105867,
TB2_T2Cell03_nmito018_LES,490,492,0.016154,
TB2_T2Cell03_nmito019_LES,486,495,0.0507624,
TB2_T2Cell03_nmito020_LES,482,492,0.178511,
TB2_T2Cell03_nmito021_LES,474,486,0.130738,
TB2_T2Cell03_nmito022_LES,470,480,0.117823,
TB2_T2Cell03_nmito023_LES,499,511,0.0691077,
TB2_T2Cell03_nmito024_LES,473,504,0.234257,
TB2_T2Cell03_nmito025_LES,474,483,0.114194,
TB2_T2Cell03_nmito026_LES,484,489,0.0655554,
TB2_T2Cell03_nmito027_LES,488,496,0.129105,
TB2_T2Cell03_nmito028_LES,468,488,0.366112,
TB2_T2Cell03_nmito029_LES,425,478,1.21484,
TB2_T2Cell03_nmito030_LES,460,463,0.126781,
TB2_T2Cell03_nmito031_LES,471,495,0.672006,
TB2_T2Cell03_nmito032_LES,436,476,1.70143,
TB2_T2Cell03_nmito033_LES,446,464,0.199726,
TB2_t2cell03_nmito034_LES,426,434,0.0749554,
TB2_T2Cell03_nmito034_LES,416,447,0.848934,
TB2_T2Cell03_nmito035_LES,404,459,1.09752,
TB2_T2Cell03_nmito036_LES,422,443,0.164796,
TB2_T2Cell03_nmito040_LES,393,402,0.0726168,
TB2_T2Cell03_nmito041_LES,405,451,0.511268,
TB2_T2Cell03_nmito042_LES,403,408,0.0705709,
TB2_T2Cell03_nmito043_LES,394,398,0.0342831,
TB2_t2cell03_nmito044_DSU,395,415,0.544695,
TB2_T2Cell03_nmito045_LES,399,412,0.136791,
TB2_t2cell03_nmito046_DSU,400,403,0.0875549,
TB2_t2cell03_nmito047_DSU,407,412,0.130512,
TB2_t2cell03_nmito048_DSU,409,419,0.462678,
TB2_t2cell03_nmito049_DSU,418,423,0.175578,
TB2_t2cell03_nmito050_DSU,416,419,0.0759186,
TB2_t2cell03_nmito051_DSU,408,416,0.593808,
TB2_t2cell03_nmito052_DSU,416,429,0.384481,
TB2_t2cell03_nmito053_DSU,420,441,1.29551,
TB2_t2cell03_nmito054_DSU,418,423,0.138313,
TB2_t2cell03_nmito055_DSU,421,423,0.172132,
TB2_t2cell03_nmito056_DSU,420,423,0.0561233,
TB2_t2cell03_nmito057_DSU,422,444,0.574681,
TB2_t2cell03_nmito058_DSU,427,447,0.359554,
TB2_T2Cell03_nmito059_DSU,399,405,0.0585107,
TB2_T2Cell03_nmito060_DSU,401,404,0.0356889,
TB2_t2cell03_nmito061_DSU,418,429,0.297109,
TB2_t2cell03_nmito062_DSU,428,449,0.508317,
TB2_t2cell03_nmito063_DSU,433,447,0.349694,
TB2_t2cell03_nmito064_DSU,416,435,0.267521,
TB2_t2cell03_nmito065_DSU,432,445,0.206549,
TB2_T2Cell03_nmito066_LES,387,392,0.113436,
TB2_t2cell03_nmito067_DSU,408,415,0.121403,
TB2_t2cell03_nmito068_DSU,416,424,0.212369,
TB2_T2Cell03_nmito069_LES,391,404,0.202418,
TB2_t2cell03_nmito070_DSU,434,448,0.572447,
TB2_t2cell03_nmito073_DSU,433,447,0.214901,
TB2_t2cell03_nmito074_DSU,430,449,0.934482,
TB2_t2cell03_nmito078_DSU,420,423,0.0767344,
TB2_t2cell03_nmito079_DSU,416,423,0.13176,
TB2_t2cell03_nmito080_LES,401,408,0.163381,
TB2_T2Cell03_nmito081_DSU,460,466,0.245278,
TB2_t2cell03_nmito082_DSU,475,475,0.0150569,
TB2_T2Cell03_Nmito082_DSU,468,474,0.17127,
TB2_T2Cell03_nmito083_DSU,461,464,0.171234,
TB2_T2Cell03_nmito084_DSU,462,477,0.178666,
TB2_t2cell03_nmito084_DSU,458,475,0.218718,
TB2_T2Cell03_nmito085_DSU,464,469,0.20834,
TB2_t2cell03_nmito085_DSU,460,473,0.259711,
TB2_T2Cell03_nmito086_DSU,448,455,0.151175,
TB2_T2Cell03_nmito087_DSU,448,451,0.0918349,
TB2_T2Cell03_nmito088_DSU,462,466,0.0680003,
TB2_T2Cell03_nmito089_DSU,444,449,0.0583714,
TB2_T2Cell03_nmito090_DSU,399,406,0.143229,
TB2_T2Cell03_nmito091_DSU,434,450,0.158642,
TB2_T2Cell03_nmito092_DSU,463,465,0.0885027,
TB2_t2cell03_nmito093_LES,399,405,0.0344027,
TB2_T2Cell03_nmito094_DSU,381,393,0.410167,
TB2_t2cell03_nmito095_DSU,460,465,0.271799,
TB2_t2cell03_nmito096_LES,401,423,0.121256,
TB2_t2cell03_nmito097_LES,422,425,0.0293661,
TB2_t2cell03_nmito098_LES,409,425,0.211202,
TB2_T2Cell03_nmito099_DSU,460,467,0.482513,
TB2_t2cell03_nmito100_LES,403,411,0.0868381,
TB2_t2cell03_nmito101_LES,413,423,0.088628,
TB2_T2Cell03_nmito102_DSU,446,449,0.158693,
TB2_T2Cell03_nmito103_DSU,450,451,0.0607063,
TB2_T2Cell03_nmito104_DSU,434,469,1.76245,
TB2_T2Cell03_nmito105_DSU,454,459,0.416875,
TB2_T2Cell03_nmito106_DSU,448,456,0.203883,
TB2_T2Cell03_nmito107_DSU,470,471,0.0782757,
TB2_T2Cell03_nmito108_DSU,458,464,0.0774057,
TB2_t2cell03_nmito109_DSU,423,462,0.79125,
TB2_t2cell03_nmito110_DSU,448,464,0.660427,
TB2_T2Cell03_nmito111_DSU,461,463,0.126509,
TB2_T2Cell03_nmito112_DSU,460,462,0.0530272,
TB2_T2Cell03_nmito113_DSU,457,461,0.105187,
TB2_t2cell03_nmito114_DSU,443,456,0.350819,
TB2_T2Cell03_nmito115_LES,438,457,0.13824,
TB2_T2Cell03_nmito116_LES,450,462,0.327748,
TB2_T2Cell03_nmito117_LES,469,478,0.0424227,
TB2_T2Cell03_nmito118_LES,450,467,0.353395,
TB2_T2Cell03_nmito119_LES,454,459,0.195405,
TB2_T2Cell03_nmito120_LES,446,460,0.614867,
TB2_T2Cell03_nmito121_LES,452,457,0.129726,
TB2_T2Cell03_nmito122_LES,455,463,0.160869,
TB2_t2cell03_nmito123_LES,452,455,0.0323067,
TB2_t2cell03_nmito124_LES,448,456,0.0613112,
TB2_t2cell03_nmito125_LES,430,435,0.0463947,
TB2_t2cell03_nmito126_LES,452,479,0.236001,
TB2_t2cell03_nmito127_LES,459,471,0.439858,
TB2_t2cell03_nmito128_LES,459,469,0.12551,
TB2_t2cell03_nmito129_LES,483,505,0.1657,
TB2_t2cell03_nmito130_LES,490,503,0.168658,
TB2_t2cell03_nmito131_LES,497,500,0.0375545,
TB2_t2cell03_nmito132_LES,483,498,0.107899,
TB2_t2cell03_nmito133_LES,463,496,0.437647,
TB2_t2cell03_nmito134_LES,472,491,0.134474,
TB2_t2cell03_nmito135_LES,461,479,0.176008,
TB2_t2cell03_nmito136_LES,486,487,0.0114898,
TB2_t2cell03_nmito137_LES,458,491,0.233418,
TB2_t2cell03_nmito138_LES,456,475,0.168919,
TB2_t2cell03_nmito139_LES,456,464,0.0707803,
TB2_t2cell03_nmito140_LES,460,463,0.0289887,
TB2_t2cell03_nmito141_LES,453,461,0.110449,
TB2_t2cell03_nmito142_LES,448,457,0.124217,
TB2_t2cell03_nmito143_LES,452,457,0.0565201,
TB2_t2cell03_nmito144_LES,475,479,0.0332607,
TB2_t2cell03_nmito145_LES,460,481,0.437861,
TB2_t2cell03_nmito146_LES,465,473,0.0535784,
TB2_t2cell03_nmito147_LES,464,468,0.121907,
TB2_t2cell03_nmito148_LES,460,470,0.0598301,
TB2_t2cell03_nmito149_LES,450,465,0.115423,
TB2_t2cell03_nmito150_LES,452,470,0.189538,
TB2_t2cell03_nmito151_LES,459,464,0.0551407,
TB2_t2cell03_nmito152_LES,448,460,0.20865,
TB2_t2cell03_nmito153_LES,443,463,0.412657,
TB2_t2cell03_nmito154_LES,452,466,0.562219,
TB2_t2cell03_nmito155_LES,450,473,0.259114,
TB2_t2cell03_nmito156_LES,475,489,0.364468,
TB2_t2cell03_nmito157_LES,466,476,0.126896,
TB2_t2cell03_nmito158_LES,459,467,0.189339,
TB2_t2cell03_nmito159_LES,450,474,0.401759,
TB2_t2cell03_nmito160_LES,470,471,0.0136679,
TB2_t2cell03_nmito161_LES,463,471,0.136613,
TB2_t2cell03_nmito162_LES,463,467,0.115567,
TB2_t2cell03_nmito163_LES,456,471,0.126036,
TB2_t2cell03_nmito164_LES,454,461,0.065853,
TB2_t2cell03_nmito165_LES,428,459,1.14007,
TB2_t2cell03_nmito166_LES,466,471,0.141646,
TB2_t2cell03_nmito167_LES,463,466,0.0385749,
TB2_t2cell03_nmito168_LES,451,461,0.229671,
TB2_t2cell03_nmito169_LES,455,457,0.0255738,
TB2_t2cell03_nmito170_LES,444,455,0.141621,
TB2_t2cell03_nmito171_LES,446,459,0.139192,
TB2_t2cell03_nmito172_LES,442,451,0.0848413,
TB2_t2cell03_nmito173_LES,444,450,0.179663,
TB2_t2cell03_nmito174_LES,428,454,1.07333,
TB2_t2cell03_nmito175_LES,436,445,0.209074,
TB2_t2cell03_nmito176_LES,442,447,0.0688884,
TB2_t2cell03_nmito177_LES,448,449,0.0355867,
TB2_t2cell03_nmito178_LES,435,449,0.32158,
TB2_t2cell03_nmito179_LES,432,444,0.288616,
TB2_t2cell03_nmito180_LES,440,454,0.553772,
TB2_t2cell03_nmito181_LES,446,447,0.0442952,
TB2_t2cell03_nmito182_LES,434,447,0.148357,
TB2_t2cell03_nmito183_LES,446,449,0.0422314,
TB2_t2cell03_nmito184_LES,444,455,0.17655,
TB2_t2cell03_nmito185_LES,447,452,0.0685818,
TB2_t2cell03_nmito186_LES,446,449,0.0297261,
TB2_t2cell03_nmito187_LES,438,449,0.124843,
TB2_t2cell03_nmito188_LES,430,447,0.132293,
TB2_t2cell03_nmito189_LES,438,443,0.0333756,
TB2_t2cell03_nmito190_LES,436,441,0.0514674,
TB2_t2cell03_nmito192_LES,440,443,0.038339,
TB2_t2cell03_nmito193_LES,430,442,0.0933026,
TB2_t2cell03_nmito194_LES,438,441,0.0132808,
TB2_t2cell03_nmito195_LES,433,439,0.0546745,
TB2_t2cell03_nmito196_LES,430,441,0.159909,
TB2_t2cell03_nmito197_LES,428,441,0.14819,
TB2_t2cell03_nmito198_LES,428,432,0.0363596,
TB2_t2cell03_nmito199_LES,429,436,0.0438751,
TB2_t2cell03_nmito200_LES,426,428,0.0823535,
TB2_t2cell03_nmito201_LES,426,432,0.0529046,
TB2_t2cell03_nmito202_LES,424,439,0.0970252,
TB2_t2cell03_nmito203_LES,424,429,0.0535821,
TB2_t2cell03_nmito204_LES,408,418,0.125944,
TB2_t2cell03_nmito205_LES,425,435,0.140395,
TB2_t2cell03_nmito206_LES,427,435,0.0932177,
TB2_t2cell03_nmito207_LES,425,431,0.107672,
TB2_t2cell03_nmito208_LES,420,442,0.15276,
TB2_t2cell03_nmito209_LES,425,434,0.151757,
TB2_t2cell03_nmito210_LES,436,442,0.0647742,
TB2_t2cell03_nmito211_LES,430,442,0.156957,
TB2_t2cell03_nmito212_LES,428,441,0.0975269,
TB2_t2cell03_nmito213_LES,438,447,0.151283,
TB2_t2cell03_nmito214_LES,433,439,0.105494,
TB2_t2cell03_nmito215_LES,434,436,0.0205224,
TB2_t2cell03_nmito216_LES,416,436,0.133507,
TB2_T2Cell03_nmito217_DSU,453,471,0.271355,
TB2_t2cell03_nuc_DE,385,457,178.521,
TB2_T2Cell03_Nuchole_2_DE,413,447,0.310678,
TB2_t2cell03_NucHole_DE,413,447,0.310678,
TB2_t2cell04_atmito01_RSL,462,476,1.51238,
TB2_t2cell04_atmito02_RSL,550,563,0.386409,
TB2_t2cell04_atmito08_RSL,554,563,2.88631,
TB2_t2cell04_atmito11_RSL,504,530,1.64425,
TB2_t2cell04_atmito12_RSL,526,543,2.30446,
TB2_t2cell04_atmito13_RSL,547,555,0.785583,
TB2_t2cell04_atmito14_RKJ,513,527,0.558783,
TB2_t2cell04_CM_RSL,457,563,1034.02,
TB2_T2Cell04_Nmito001_LES,459,464,0.161321,
TB2_T2Cell04_Nmito002_LES,460,481,0.528479,
TB2_T2Cell04_Nmito005_LES,473,513,0.677195,
TB2_T2Cell04_Nuc_DE,472,563,212.37,
TB2_t2cell04_nuc_RSL,472,563,225.829,
TB2_t2cell06_atmito01_RSL,552,563,1.20368,
TB2_T2Cell06_CM_KP,558,563,21.2822,
TB2_t2cell06_CM_LES,548,563,39.0325,
TB2_T2Cell06_nuc_KP,559,563,1.73624,
TB2_T2Cell07_Atmito01_LES,469,483,0.40764,
TB2_T2Cell07_Atmito02_LES,418,466,0.667006,
TB2_T2Cell07_Atmito03_LES,436,471,0.814681,
TB2_T2Cell07_Atmito04_LES,441,466,0.647812,
TB2_T2Cell07_Atmito05_cristae_RSL,416,449,0.52869,
TB2_T2Cell07_Atmito05_RSL,416,449,1.16062,
TB2_T2Cell07_Atmito06_RSL,379,392,0.442756,
TB2_T2Cell07_Atmito07_RSL,470,500,1.04854,
TB2_T2Cell07_CM_LES,305,553,1285.14,
TB2_T2Cell07_nuc_LES,363,474,221.671,
TB2_t2cell08_atmito09_RSL,549,562,1.47532,
TB2_T2Cell08_CM_KP,530,563,129.566,
TB2_T2Cell08_nuc_KP,539,563,28.3201,
TB2_T2Cell11_nuc_KP,533,563,64.1311,
TB2_T2Cell12_nmito001_DSU,474,477,0.203999,
TB2_T2Cell12_nuc_KP,471,539,164.873,
TB2_T2Cell13_CM_LES,335,563,782.731,
TB2_T2Cell13_nuc_KP,456,561,186.739,
TB2_T2Cell14_ATmito01_RSL,366,386,0.626415,
TB2_T2Cell14_CM_LES,335,541,595.987,
TB2_T2Cell14_Nuc_LES,345,439,179.236,
TB2_t3cell01_CM_LES,345,353,2.89487,
TB2_T3Cell02_Atmito01_LES,360,369,0.123774,
TB2_t3cell02_CM_RSL,337,563,473.555,
TB2_t3cell02_junct01_RSL,354,360,0.308331,
TB2_t3cell02_junct01_ves_RSL,348,367,0.146257,
TB2_t3cell02_junct02_RSL,358,365,0.0104544,
TB2_t3cell02_junct02_ves_RSL,348,370,0.0259709,
TB2_t3cell02_junct03_ves_RSL,349,359,0.061245,
TB2_t3cell02_junct04_ves_RSL,359,374,0.180766,
TB2_t3cell02_LYS_RSL,347,428,1.00086,
TB2_T3Cell02_nuc_RSL,347,431,317.016,
TB2_T3Cell04_CM_KP,510,563,56.498,
TB2_T3Cell06_CM_RSL,374,563,461.191,
TB2_T3Cell06_nuc_KP,490,563,155.981,
TB2_T3Cell07_AMito01_RSL,415,431,0.267326,
TB2_T3Cell07_cm_RSL,311,563,230.668,
TB2_T3Cell07_LYS_RSL,321,541,2.30908,
TB2_T3Cell07_nuc_KP,440,536,166.247,
TB2_T3Cell08_Nuc_DE,454,526,145.24,
TB2_T3Cell08_nuc_KP,453,526,149.474,
TB2_T3Cell08_nuchole_DE,461,480,0.411921,
TB2_T3cell10_cm_RSL,392,563,374.662,
TB2_T3cell10_nuc_RSL,398,503,93.6704,
TB2_T3cell15_nuc_YD-RSL,419,503,90.8975,
TB3_Edge_CM_RSL,344,489,312.158,
TB3_Edge_nuc_RSL,383,487,400.023,
TB3_NF01-PG_RSL,200,518,227.296,
TB3_t2cell01_atmito01_RKJ,554,563,0.917174,
TB3_t2cell01_atmito02_RKJ,522,558,4.14105,
TB3_t2cell01_atmito03_RKJ,515,542,1.25821,
