Object,Start,End,Count,
TB1_Apex_T1Cell01_DE,40,127,167,
TB1_Apex_T1Cell02_DE,91,116,138,
TB1_Apex_T1Cell03_DE,103,119,45,
TB1_Apex_T1Cell04_DE,91,118,101,
TB1_Apex_T1Cell05_DE,40,125,164,
TB1_Apex_T1Cell06_DE,74,123,135,
TB1_Apex_T1Cell07_DE,99,167,85,
TB1_Apex_T1Cell09_DE,94,117,39,
TB1_Apex_T1Cell10_DE,117,166,86,
TB1_Apex_T1Cell11_DE,111,146,65,
TB1_Apex_T1Cell12_DE,119,152,48,
TB1_Apex_T1Cell13_DE,95,118,45,
TB1_Apex_T1Cell14_DE,118,121,2,
TB1_Apex_T2Cell01_DE,2,127,84,
TB1_Apex_T2Cell02_old_DE,91,137,118,
TB1_Apex_T2Cell03_DE,1,144,191,
TB1_Apex_T2Cell04_DE,37,119,66,
TB1_Apex_T2Cell05_DE,65,123,48,
TB1_Apex_T3Cell01_DE,45,145,81,
TB1_Apex_T3Cell02_DE,1,129,102,
TB1_Apex_T3Cell03_DE,117,143,27,
TB1_Apex_TX07_DE,107,118,12,
TB1_Apex_TXCell06_DE,72,133,86,
TB1_Apex2_T1Cell05_CM_LES,1,54,112,
TB1_Apex2_T1Cell06_CM_LES,62,129,90,
TB1_Apex2_T1Cell07_CM_LES,1,66,118,
TB1_Apex2_T1Cell08_CM_LES,1,57,53,
TB1_Apex2_T1Cell09_CM_LES,48,126,99,
TB1_Apex2_T1Cell10_CM_LES,1,54,223,
TB1_Apex2_T1Cell11_CM_LES,1,43,54,
TB1_Apex2_T1Cell12_CM_LES,3,53,95,
TB1_Apex2_T1Cell13_CM_LES,3,60,86,
TB1_Apex2_T1Cell14_CM_LES,50,69,37,
TB1_Apex2_T1Cell15_CM_LES,26,125,149,
TB1_Apex2_T1Cell16_CM_LES,44,75,46,
TB1_Apex2_T1Cell17_CM_LES,74,204,152,
TB1_Apex2_T1Cell18_CM_LES,56,72,54,
TB1_Apex2_T1Cell19_CM_LES,89,159,70,
TB1_Apex2_T3Cell07_CM_LES,1,80,80,
TB1_Apex2_T3Cell08_CM_LES,14,91,80,
TB1_Apex2_T3Cell09_CM_LES,1,74,105,
TB1_Apex2_TX_CM_LES,1,62,75,
TB1_Basal_CT_layer_LES,1,229,266,
TB1_BasalCell04_CM_LES,18,111,191,
TB1_BasalCell04_nuc_LES,21,116,97,
TB1_BasalCell05_CM_LES,37,151,268,
TB1_BasalCell06_CM_LES,85,145,90,
TB1_BasalCell06_nuc_LES,101,142,74,
TB1_BasalCell10_CM_LES,124,147,28,
TB1_BasalCell10_nuc_LES,137,200,73,
TB1_BasalCell12_CM_LES,147,229,110,
TB1_BasalCell12_nuc_LES,161,222,83,
TB1_BasalCell13_CM_LES,40,117,147,
TB1_BasalCell13_nuc_LES,44,101,64,
TB1_BasalCell15_CM_LES,1,96,131,
TB1_BasalCell15_nuc_LES,1,59,82,
TB1_BasalCell16_nuc_LES,1,63,65,
TB1_EdgeCell01_nuc_LES,1,81,87,
TB1_fibroblast_CM_LES,1,163,1236,
TB1_fibroblast_nuc_LES,83,168,98,
TB1_IMMcell01_CM_RKJ,1,73,128,
TB1_IMMcell01_nuc_RKJ,1,67,70,
TB1_IMMCell02_CM_RKJ,1,201,326,
TB1_IMMCell02_nuc_RKJ,90,190,99,
TB1_IMMcell03_CM_LES,1,56,206,
TB1_IMMcell03_nuc_LES,1,43,49,
TB1_IMMCell04_CM_LES,1,46,72,
TB1_IMMCell04_nuc_LES,1,40,44,
TB1_IMMcell05_nuc_LES,116,181,73,
TB1_IMMCell06_CM_LES,53,100,93,
TB1_IMMCell06_nuc_LES,64,106,79,
TB1_IMMCell07_CM_LES,119,192,108,
TB1_IMMCell07_nuc_LES,131,204,144,
TB1_IMMcell08_CM_RKJ,1,116,300,
TB1_IMMcell08_nuc_RKJ,1,36,38,
TB1_IMMCell09_nuc_LES,60,143,112,
TB1_NF01_RKJ,1,161,881,
TB1_NF02_RKJ,1,73,105,
TB1_NF02_RSL,1,190,856,
TB1_NF03_RKJ,1,211,650,
TB1_NF03_RSL,1,156,349,
TB1_NF04_RKJ,1,173,401,
TB1_NF04_RSL,1,104,422,
TB1_NF05_RKJ,1,64,91,
TB1_NF06_RKJ,1,110,227,
TB1_NF07_RKJ,1,38,65,
TB1_NF08_RKJ,1,53,76,
TB1_NF09_RKJ,1,72,243,
TB1_NF10_RKj,1,68,175,
TB1_NF11_RKJ,1,88,177,
TB1_NF12_RKJ,1,72,190,
TB1_NF13_RKJ,1,125,171,
TB1_NF14_RKJ,1,216,763,
TB1_NF15_RKJ,1,41,121,
TB1_NF16_RKJ,1,72,270,
TB1_NF17_RKJ,1,83,125,
TB1_NF18_RKJ,1,102,383,
TB1_NF19_RKJ,1,55,61,
TB1_NF20_RKJ,1,79,171,
TB1_NF21_RKJ,1,85,215,
TB1_NF22_RKJ,1,29,72,
TB1_NF23_RKJ,1,29,59,
TB1_NF24_RKJ,1,63,78,
TB1_NF25_RKJ,1,46,117,
TB1_NF26_RKJ,1,152,213,
TB1_NF27_RKJ,1,135,322,
TB1_NF28_RKJ,1,60,67,
TB1_NF29_RKJ,10,121,331,
TB1_NF32_RKJ,1,49,57,
TB1_NF33_RKJ,1,38,64,
TB1_NF34_RKJ,1,34,58,
TB1_NF35_RKJ,28,60,33,
TB1_NF36_RKJ,1,34,37,
TB1_NF37_RKJ,1,52,110,
TB1_NF38_RKJ,1,22,55,
TB1_NF39_RKJ,1,107,248,
TB1_NF40_RKJ,1,44,45,
TB1_NF41_RKJ,25,35,11,
TB1_NF42_RKJ,1,85,199,
TB1_NF43_LES,1,63,248,
TB1_NF44_LES,1,144,570,
TB1_NF45_LES,1,145,426,
TB1_NF47_LES,1,149,650,
TB1_NF48_LES,1,136,554,
TB1_NF50_LES,1,35,75,
TB1_NF51_LES,1,62,228,
TB1_NF52_LES,1,115,497,
TB1_NF53_LES,1,247,1158,
TB1_NF54_LES,57,57,1,
TB1_NF54_RSL,1,197,2206,
TB1_NF55_LES,1,90,162,
TB1_NF56_LES,1,96,215,
TB1_NF57_LES,33,94,114,
TB1_NF58_LES,1,122,189,
TB1_NF59_LES,52,128,192,
TB1_NF60_LES,111,127,17,
TB1_NF61_LES,138,216,250,
TB1_NF62_LES,68,280,420,
TB1_NF63_LES,1,99,346,
TB1_NF66_LES,17,43,27,
TB1_NF68_LES,1,49,56,
TB1_NF69_LES,72,91,36,
TB1_NF70_LES,162,232,161,
TB1_NF71_LES,162,254,204,
TB1_NF72_LES,135,235,244,
TB1_NF73_LES,97,156,154,
TB1_NF74_LES,1,51,67,
TB1_NF75_RSL,120,138,32,
TB1_Nmito1a_RSL,115,126,24,
TB1_Nmito1a-cristae_RSL,116,125,384,
TB1_Nmito2a_RSL,123,135,24,
TB1_Nmito2a-cristae_RSL,124,134,626,
TB1_OuterEpi_RSL,1,142,393,
TB1_SeptalCell01_CM_LES,71,154,116,
TB1_SeptalCell01_nuc_LES,75,145,96,
TB1_SeptalCell02_CM_LES,121,209,114,
TB1_SeptalCell02_nuc_LES,128,201,95,
TB1_Shell_RSL,1,229,500,
TB1_t1cell01_CM_RKJ,72,149,76,
TB1_t1cell02_nuc_RKJ,62,143,114,
TB1_t1cell03_CM_RKJ,1,72,124,
TB1_t1cell03_nuc_RKJ,2,61,62,
TB1_T1Cell04_CM_TEF,117,156,26,
TB1_T1Cell05_CM_LES,1,117,106,
TB1_T1Cell05_nuc_LES,1,115,127,
TB1_t1cell17_CM_RKJ,1,69,309,
TB1_t1cell18_CM_RKJ,1,90,334,
TB1_t1cell18_nuc_RKJ,14,84,87,
TB1_T2Cell01_atmito01_RSL,117,133,32,
TB1_T2Cell01_atmito01-cristae_RSL,117,132,280,
TB1_T2Cell01_atmito02_RSL,118,132,44,
TB1_T2Cell01_atmito02-cristae_RSL,119,131,504,
TB1_T2Cell01_atmito03_RSL,120,134,34,
TB1_T2Cell01_atmito03-cristae_RSL,122,133,460,
TB1_T2Cell01_atmito04_RSL,128,135,18,
TB1_T2Cell01_atmito04-cristae_RSL,129,134,72,
TB1_T2Cell01_atmito05_RSL,116,134,38,
TB1_T2Cell01_atmito06_RSL,119,134,44,
TB1_T2Cell01_atmito07_RSL,120,129,22,
TB1_T2Cell01_atmito12_RSL,116,120,16,
TB1_T2Cell01_atmito13_RSL,134,157,60,
TB1_T2Cell01_atmito14_RSL,158,166,26,
TB1_T2Cell01_atmito16_RSL,166,174,18,
TB1_T2Cell01_atmito17_RSL,98,126,58,
TB1_T2Cell01_atmito18_RSL,71,104,73,
TB1_T2Cell01_atmito19_RSL,55,85,62,
TB1_T2Cell01_atmito20_RSL,86,99,29,
TB1_T2Cell01_atmito21_LES,161,168,16,
TB1_T2Cell01_atmito23_RSL,167,180,60,
TB1_T2Cell01_atMito25_LES,128,140,12,
TB1_T2Cell01_atMito-hybrid_24_LES,126,140,25,
TB1_T2Cell01_atMito-hybrid_24-cristae_LES,132,140,134,
TB1_T2cell01_CM_RSL,1,204,855,
TB1_T2Cell01_Nmito001_RSL,119,129,34,
TB1_T2Cell01_Nmito002_RSL,116,145,96,
TB1_T2Cell01_Nmito003_RSL,142,148,16,
TB1_T2Cell01_Nmito004_RSL,135,151,56,
TB1_T2Cell01_Nmito005_RSL,142,187,110,
TB1_T2Cell01_Nmito006_RSL,181,192,42,
TB1_T2Cell01_Nmito007_RSL,166,184,38,
TB1_T2Cell01_Nmito008_RSL,178,192,30,
TB1_T2Cell01_Nmito009_RSL,188,195,20,
TB1_T2Cell01_Nmito010_RSL,181,187,14,
TB1_T2Cell01_Nmito011_RSL,197,199,8,
TB1_T2Cell01_Nmito012_RSL,194,198,10,
TB1_T2Cell01_Nmito013_RSL,164,190,90,
TB1_T2Cell01_Nmito014_RSL,174,189,32,
TB1_T2Cell01_Nmito015_RSL,176,186,34,
TB1_T2Cell01_Nmito016_RSL,165,179,44,
TB1_T2Cell01_Nmito017_RSL,182,185,8,
TB1_T2Cell01_Nmito018_RSL,160,180,56,
TB1_T2Cell01_Nmito019_RSL,155,160,12,
TB1_T2Cell01_Nmito020_RSL,154,160,16,
TB1_T2Cell01_Nmito021_RSL,150,162,34,
TB1_T2Cell01_Nmito022_RSL,154,165,24,
TB1_T2Cell01_Nmito023_RSL,153,167,42,
TB1_T2Cell01_Nmito024_RSL,149,159,28,
TB1_T2Cell01_Nmito025_RSL,142,167,74,
TB1_T2Cell01_Nmito026_RSL,129,159,66,
TB1_T2Cell01_Nmito027_RSL,124,132,20,
TB1_T2Cell01_Nmito028_RSL,129,142,58,
TB1_T2Cell01_Nmito029_RSL,134,150,50,
TB1_T2Cell01_Nmito030_RSL,146,167,82,
TB1_T2Cell01_Nmito031,168,178,28,
TB1_T2Cell01_Nmito032_RSL,159,164,12,
TB1_T2Cell01_Nmito033_RSL,138,166,168,
TB1_T2Cell01_Nmito034_RSL,128,147,38,
TB1_T2Cell01_Nmito035_RSL,147,153,16,
TB1_T2Cell01_Nmito036_RSL,152,155,10,
TB1_T2Cell01_Nmito037_RSL,139,155,34,
TB1_T2Cell01_Nmito038_RSL,134,162,116,
TB1_T2Cell01_Nmito039_RSL,129,140,22,
TB1_T2Cell01_Nmito040_RSL,127,142,32,
TB1_T2Cell01_Nmito041_RSL,118,128,22,
TB1_T2Cell01_Nmito042_RSL,96,140,190,
TB1_T2Cell01_Nmito043_RSL,87,153,268,
TB1_T2Cell01_Nmito044_RSL,69,93,85,
TB1_T2Cell01_Nmito045_RSL,45,58,34,
TB1_T2Cell01_Nmito046_RSL,60,70,28,
TB1_T2Cell01_Nmito047_RSL,64,84,96,
TB1_T2Cell01_Nmito048_RSL,52,93,83,
TB1_T2Cell01_Nmito049_RSL,29,59,86,
TB1_T2Cell01_Nmito050_RSL,81,105,51,
TB1_T2Cell01_Nmito051_RSL,81,105,51,
TB1_T2Cell01_Nmito052_RSL,96,153,184,
TB1_T2Cell01_Nmito053_RSL,104,108,14,
TB1_T2Cell01_Nmito054_RSL,98,107,20,
TB1_T2Cell01_Nmito055_RSL,95,99,18,
TB1_T2Cell01_Nmito056_RSL,100,111,42,
TB1_T2Cell01_Nmito057_RSL,111,121,28,
TB1_T2Cell01_Nmito058_RSL,117,125,26,
TB1_T2Cell01_Nmito059_RSL,121,133,44,
TB1_T2Cell01_Nmito060_RSL,127,133,14,
TB1_T2Cell01_Nmito061_RSL,95,135,103,
TB1_T2Cell01_Nmito062_RSL,99,110,28,
TB1_T2Cell01_Nmito063_RSL,106,118,48,
TB1_T2Cell01_Nmito064_LES,116,143,74,
TB1_T2Cell01_Nmito065_LES,122,127,16,
TB1_T2Cell01_Nmito066_LES,131,141,64,
TB1_T2Cell01_Nmito067_LES,122,140,36,
TB1_T2Cell01_Nmito068_LES,1,4,4,
TB1_T2Cell01_Nmito069_LES,1,13,25,
TB1_T2Cell01_Nmito070_LES,1,13,27,
TB1_T2Cell01_Nmito071_LES,187,189,6,
TB1_T2Cell01_Nmito072_LES,179,186,18,
TB1_T2Cell01_Nmito073_LES,176,180,16,
TB1_T2Cell01_Nmito074_LES,167,184,52,
TB1_T2Cell01_Nmito075_LES,165,180,38,
TB1_T2Cell01_Nmito076_LES,162,179,64,
TB1_T2Cell01_Nmito077_LES,173,178,14,
TB1_T2Cell01_Nmito078_LES,141,175,76,
TB1_T2Cell01_Nmito079_LES,150,160,36,
TB1_T2Cell01_Nmito080_LES,134,175,136,
TB1_T2Cell01_Nmito081_LES,148,176,116,
TB1_T2Cell01_Nmito082_LES,128,159,122,
TB1_T2Cell01_Nmito083_LES,116,166,208,
TB1_T2Cell01_Nmito084_LES,151,159,22,
TB1_T2Cell01_Nmito085_LES,143,161,40,
TB1_T2Cell01_Nmito086_LES,139,162,76,
TB1_T2Cell01_Nmito087_LES,167,173,14,
TB1_T2Cell01_Nmito088_LES,158,174,46,
TB1_T2Cell01_Nmito089_LES,173,178,12,
TB1_T2Cell01_Nmito090_LES,171,173,6,
TB1_T2Cell01_Nmito091_LES,161,170,32,
TB1_T2Cell01_Nmito092_LES,160,167,26,
TB1_T2Cell01_Nmito093_LES,166,180,30,
TB1_T2Cell01_Nmito094_LES,153,165,32,
TB1_T2Cell01_Nmito095_LES,142,165,56,
TB1_T2Cell01_Nmito097_LES,162,169,18,
TB1_T2Cell01_Nmito098_LES,160,169,22,
TB1_T2Cell01_Nmito099_LES,126,165,170,
TB1_T2Cell01_Nmito100_LES,120,151,74,
TB1_T2Cell01_Nmito101_LES,118,122,14,
TB1_T2Cell01_Nmito102_LES,119,129,25,
TB1_T2Cell01_Nmito103_LES,167,171,10,
TB1_T2Cell01_Nmito104_LES,164,169,12,
TB1_T2Cell01_Nmito105_LES,161,168,16,
TB1_T2Cell01_Nmito106_LES,148,164,64,
TB1_T2Cell01_Nmito107_LES,131,158,58,
TB1_T2Cell01_Nmito108_LES,139,146,24,
TB1_T2Cell01_Nmito109_LES,131,149,48,
TB1_T2Cell01_Nmito110_LES,149,155,14,
TB1_T2Cell01_Nmito111_LES,142,148,14,
TB1_T2Cell01_Nmito112_LES,147,149,6,
TB1_T2Cell01_Nmito114_LES,131,145,36,
TB1_T2Cell01_Nmito115_LES,136,148,26,
TB1_T2Cell01_Nmito116_LES,133,148,38,
TB1_T2Cell01_Nmito117_LES,139,144,16,
TB1_T2Cell01_Nmito118_LES,139,170,64,
TB1_T2Cell01_Nmito119_LES,133,143,28,
TB1_T2Cell01_Nmito120_LES,146,150,10,
TB1_T2Cell01_Nmito121_LES,144,147,8,
TB1_T2Cell01_Nmito122_LES,139,142,8,
TB1_T2Cell01_Nmito123_LES,131,139,24,
TB1_T2Cell01_Nmito124_LES,125,141,34,
TB1_T2Cell01_Nmito125_LES,134,140,14,
TB1_T2Cell01_Nmito126_LES,128,141,34,
TB1_T2Cell01_Nmito128_LES,132,158,90,
TB1_T2Cell01_Nmito129_LES,137,146,20,
TB1_T2Cell01_Nmito130_LES,132,141,24,
TB1_T2Cell01_Nmito131_LES,134,140,14,
TB1_T2Cell01_Nmito132_LES,122,138,54,
TB1_T2Cell01_Nmito133_LES,131,139,20,
TB1_T2Cell01_Nmito134_LES,129,139,60,
TB1_T2Cell01_Nmito135_LES,116,140,84,
TB1_T2Cell01_Nmito136_LES,112,117,20,
TB1_T2Cell01_Nmito137_LES,128,138,22,
TB1_T2Cell01_Nmito138_LES,126,144,48,
TB1_T2Cell01_Nmito139_LES,134,139,16,
TB1_T2Cell01_Nmito140_LES,127,140,26,
TB1_T2Cell01_Nmito141_LES,120,132,24,
TB1_T2Cell01_Nmito142_LES,122,134,26,
TB1_T2Cell01_Nmito143_LES,125,140,37,
TB1_T2Cell01_Nmito144_LES,112,136,46,
TB1_T2Cell01_Nmito145_LES,131,139,18,
TB1_T2Cell01_Nmito146_LES,121,128,30,
TB1_T2Cell01_Nmito147_LES,113,131,58,
TB1_T2Cell01_Nmito148_LES,126,133,18,
TB1_T2Cell01_Nmito149_LES,131,135,14,
TB1_T2Cell01_Nmito150_LES,122,128,14,
TB1_T2Cell01_Nmito151_LES,108,127,64,
Tb1_T2Cell01_Nmito152_LES,127,138,16,
TB1_T2Cell01_Nmito153_LES,132,140,26,
TB1_T2Cell01_Nmito154_LES,131,138,16,
TB1_T2Cell01_Nmito156_LES,58,144,287,
TB1_T2Cell01_Nmito157_LES,126,131,12,
TB1_T2Cell01_Nmito158_LES,124,135,34,
TB1_T2Cell01_Nmito159_LES,114,129,46,
TB1_T2Cell01_Nmito160_LES,136,143,28,
TB1_T2Cell01_Nmito161_LES,133,148,46,
TB1_T2Cell01_Nmito162_LES,112,171,243,
TB1_T2Cell01_Nmito163_LES,144,148,10,
TB1_T2Cell01_Nmito164_LES,144,148,10,
TB1_T2Cell01_Nmito165_LES,113,148,58,
TB1_T2Cell01_Nmito166_LES,59,129,173,
TB1_T2Cell01_Nmito167_LES,18,102,201,
TB1_T2Cell01_Nmito168_LES,25,76,166,
TB1_T2Cell01_Nmito169_LES,43,59,56,
TB1_T2Cell01_Nmito170_LES,112,124,30,
TB1_T2Cell01_Nmito171_LES,106,123,64,
TB1_T2Cell01_Nmito172_LES,122,163,59,
TB1_T2Cell01_Nmito173_LES,143,156,14,
TB1_T2Cell01_Nmito174_LES,143,165,40,
TB1_T2Cell01_Nmito175_LES,160,165,6,
TB1_T2Cell01_Nmito176_LES,148,170,25,
TB1_T2Cell01_Nmito177_LES,162,165,4,
TB1_T2Cell01_Nmito178_LES,153,163,16,
TB1_T2Cell01_Nmito179_LES,147,156,12,
TB1_T2Cell01_Nmito180_LES,134,162,36,
TB1_T2Cell01_Nmito181_LES,149,163,21,
TB1_T2Cell01_Nmito182_LES,152,163,12,
TB1_T2Cell01_Nmito183_LES,148,166,19,
TB1_T2Cell01_Nmito184_LES,150,161,17,
TB1_T2Cell01_Nmito185_LES,125,146,13,
TB1_T2Cell01_Nmito186_LES,118,129,31,
TB1_T2Cell01_Nmito187_LES,108,113,6,
TB1_T2Cell01_Nmito188_LES,107,121,15,
TB1_T2Cell01_Nmito189_LES,103,129,34,
TB1_T2Cell01_Nmito190_LES,96,115,24,
TB1_T2Cell01_Nmito191_LES,108,124,17,
TB1_T2Cell01_Nmito192_LES,114,126,22,
TB1_T2Cell01_Nmito193_LES,98,123,49,
TB1_T2Cell01_Nmito194_LES,100,116,22,
TB1_T2Cell01_Nmito195_LES,102,117,16,
TB1_T2Cell01_Nmito196_LES,104,119,25,
TB1_T2Cell01_Nmito197_LES,118,122,5,
TB1_T2Cell01_Nmito198_LES,122,125,4,
TB1_T2Cell01_Nmito199_LES,124,125,2,
TB1_T2Cell01_Nmito200_LES,106,116,13,
TB1_T2Cell01_Nmito201_LES,102,115,14,
TB1_T2Cell01_Nmito202_LES,107,120,18,
TB1_T2Cell01_Nmito203_LES,100,115,26,
TB1_T2Cell01_Nmito204_LES,97,115,19,
TB1_T2Cell01_Nmito205_LES,97,101,5,
TB1_T2Cell01_Nmito206_LES,100,104,5,
TB1_T2Cell01_Nmito207_LES,99,123,46,
TB1_T2Cell01_Nmito209_LES,112,119,8,
TB1_T2Cell01_Nmito210_LES,105,111,7,
TB1_T2Cell01_Nmito211_LES,106,113,10,
TB1_T2Cell01_Nmito212_LES,116,133,17,
TB1_T2Cell01_Nmito213_LES,116,124,9,
TB1_T2Cell01_Nmito214_LES,120,125,6,
TB1_T2Cell01_Nmito215_LES,114,121,8,
TB1_T2Cell01_Nmito216_LES,106,122,20,
TB1_T2Cell01_Nmito217_LES,108,123,16,
TB1_T2Cell01_Nmito218_LES,118,122,7,
Tb1_T2Cell01_Nmito219_LES,119,125,10,
TB1_T2Cell01_Nmito220_LES,124,126,5,
TB1_T2Cell01_Nmito221_LES,122,125,4,
TB1_T2Cell01_Nmito222_LES,116,132,23,
TB1_T2Cell01_Nmito223_LES,126,131,5,
TB1_T2Cell01_Nmito224_LES,131,137,7,
TB1_T2Cell01_Nmito225_LES,137,145,9,
TB1_T2Cell01_Nmito226_LES,141,148,11,
TB1_T2Cell01_Nmito227_LES,143,150,9,
TB1_T2Cell01_Nmito228_LES,142,152,11,
TB1_T2Cell01_Nmito229_LES,144,146,4,
TB1_T2Cell01_Nmito230_LES,140,150,12,
TB1_T2Cell01_Nmito231_LES,146,158,16,
TB1_T2Cell01_Nmito232_LES,151,162,12,
TB1_T2Cell01_Nmito233_LES,116,121,6,
TB1_T2Cell01_Nmito234_LES,105,136,31,
TB1_T2Cell01_Nmito235_LES,66,150,86,
TB1_T2Cell01_Nmito236_LES,59,77,22,
TB1_T2Cell01_Nmito237_LES,66,109,46,
TB1_T2Cell01_Nmito238_LES,93,101,9,
TB1_T2Cell01_Nmito239_LES,48,56,10,
TB1_T2Cell01_Nmito240_LES,26,41,20,
TB1_T2Cell01_Nmito241_LES,25,37,13,
TB1_T2Cell01_Nmito242_LES,37,43,7,
TB1_T2Cell01_Nmito243_LES,29,37,9,
TB1_T2Cell01_Nmito244_LES,34,45,12,
TB1_T2Cell01_Nmito245_LES,40,50,16,
TB1_T2Cell01_Nmito246_LES,42,45,4,
TB1_T2Cell01_Nmito247_LES,42,59,20,
TB1_T2Cell01_Nmito248_LES,30,51,24,
TB1_T2Cell01_Nmito249_LES,46,55,10,
TB1_T2Cell01_Nmito250_LES,49,72,24,
TB1_T2Cell01_Nmito251_LES,59,75,18,
TB1_T2Cell01_Nmito252_LES,64,71,8,
TB1_T2Cell01_Nmito253_LES,68,85,18,
TB1_T2Cell01_Nmito254_LES,56,76,22,
TB1_T2Cell01_Nmito255_LES,72,123,51,
TB1_T2Cell01_Nmito257_LES,136,144,9,
TB1_T2Cell01_Nmito258_LES,132,148,19,
TB1_T2Cell01_Nmito259_LES,145,148,4,
TB1_T2Cell01_Nmito260_LES,139,152,17,
TB1_T2Cell01_Nmito261_LES,150,152,3,
TB1_T2Cell01_Nmito262_LES,141,155,28,
TB1_T2Cell01_Nmito263_LES,145,151,7,
TB1_T2Cell01_Nmito264_LES,131,138,13,
TB1_T2Cell01_Nmito265_LES,128,138,14,
TB1_T2Cell01_Nmito266_LES,129,136,8,
TB1_T2Cell01_Nmito267_LES,135,152,21,
TB1_T2Cell01_Nmito268_LES,153,164,14,
TB1_T2Cell01_Nmito269_LES,158,162,5,
TB1_T2Cell01_Nmito270_LES,160,165,6,
TB1_T2Cell01_Nmito271_LES,154,160,7,
TB1_T2Cell01_Nmito272_LES,125,157,34,
TB1_T2Cell01_Nmito273_LES,117,149,32,
TB1_T2Cell01_Nmito274_LES,143,150,8,
TB1_T2Cell01_Nmito275_LES,137,146,15,
TB1_T2Cell01_Nmito276_LES,142,149,8,
TB1_T2Cell01_Nmito277_LES,95,113,19,
TB1_T2Cell01_Nmito278_LES,110,121,13,
TB1_T2Cell01_Nmito279_LES,87,108,53,
TB1_T2Cell01_Nmito280_LES,99,116,20,
TB1_T2Cell01_Nmito281_LES,112,125,14,
TB1_T2Cell01_Nmito282_LES,111,118,8,
TB1_T2Cell01_Nmito283_LES,66,83,20,
TB1_T2Cell01_Nmito284_LES,79,84,6,
TB1_T2Cell01_Nmito285_LES,73,91,19,
TB1_T2Cell01_Nmito286_LES,33,43,23,
TB1_T2Cell01_Nmito287_LES,27,38,14,
TB1_T2Cell01_Nmito288_LES,1,19,19,
TB1_T2Cell01_Nmito289_LES,10,13,4,
TB1_T2Cell01_Nmito290_LES,14,17,4,
TB1_T2Cell01_Nmito291_LES,1,4,4,
TB1_T2Cell01_Nmito292_LES,1,4,4,
TB1_T2Cell01_Nmito293_LES,1,9,9,
TB1_T2Cell01_Nmito294_LES,1,17,17,
TB1_T2Cell01_Nmito295_LES,1,13,17,
TB1_T2Cell01_Nmito296_LES,1,5,5,
TB1_T2Cell01_Nmito297_LES,1,5,5,
TB1_T2Cell01_Nmito298_LES,1,9,9,
TB1_T2Cell01_Nmito299_LES,1,11,11,
TB1_T2Cell01_Nmito300_LES,10,13,4,
TB1_T2Cell01_Nmito301_LES,18,28,11,
TB1_T2Cell01_Nmito302_LES,14,26,13,
TB1_T2Cell01_Nmito303_LES,20,26,7,
TB1_T2Cell01_Nmito304_LES,18,28,11,
TB1_T2Cell01_Nmito305_LES,16,39,24,
TB1_T2Cell01_Nmito307_LES,110,113,6,
TB1_T2Cell01_Nmito308_LES,110,117,8,
TB1_T2Cell01_Nmito309_LES,114,133,25,
TB1_T2Cell01_Nmito310_LES,117,121,6,
TB1_T2Cell01_Nmito311_LES,117,125,9,
TB1_T2Cell01_Nmito312_LES,118,122,6,
TB1_T2Cell01_Nmito313_LES,117,126,13,
TB1_T2Cell01_Nmito314_LES,118,124,7,
TB1_T2Cell01_Nmito315_LES,118,121,4,
TB1_T2Cell01_Nmito316_LES,119,129,12,
TB1_T2Cell01_Nmito317_LES,120,125,8,
TB1_T2Cell01_Nmito318_LES,120,125,6,
TB1_T2Cell01_Nmito319_LES,125,129,5,
TB1_T2Cell01_Nmito320_LES,126,131,5,
TB1_T2Cell01_Nmito321_LES,131,135,7,
TB1_T2Cell01_Nmito322_LES,135,139,7,
TB1_T2Cell01_Nmito323_LES,139,144,9,
TB1_T2Cell01_Nmito324_LES,136,144,11,
TB1_T2Cell01_Nmito325_LES,133,138,6,
TB1_T2Cell01_Nmito326_LES,136,141,10,
TB1_T2Cell01_Nmito327_LES,134,138,5,
TB1_T2Cell01_Nmito328_LES,133,140,8,
TB1_T2cell01_nuc_RSL,122,197,154,
TB1_T2Cell02_atmito03_RKJ,34,75,44,
TB1_t2cell02_CM_RKJ,1,93,118,
TB1_t2cell02_nuc_RKJ,1,81,82,
TB1_t2cell03_CM_RKJ,7,115,205,
TB1_t2cell03_nuc_RKJ,30,105,85,
TB1_t2cell05_CM_RKJ,1,189,317,
TB1_t2cell05_nuc_RKJ,1,101,104,
TB1_t2cell06_CM_RKJ,1,129,424,
TB1_t2cell06_nuc_RKJ,1,80,80,
TB1_T2Cell07_atmito01_RKJ,129,136,7,
TB1_T2Cell07_atmito02_RKJ,129,143,14,
TB1_T2Cell07_atmito07_RKJ,105,124,24,
TB1_T2Cell07_atmito08_RKJ,175,188,14,
TB1_T2Cell07_atmito08_RSL,148,167,44,
TB1_T2Cell07_atmito09_RKJ,183,196,17,
TB1_T2Cell07_atmito09_RSL,147,156,23,
TB1_T2Cell07_atmito10_RKJ,203,213,11,
TB1_T2Cell07_atmito11_RSL,58,73,17,
TB1_T2Cell07_atmito12_RSL,105,123,64,
TB1_T2Cell07_atmito13_cristae_RSL,114,125,542,
TB1_T2Cell07_atmito13_RSL,114,125,26,
TB1_t2cell07_atmito15_LES,136,156,42,
TB1_t2cell07_atmito16_LES,145,152,16,
TB1_t2cell07_atmito22_LES,122,136,31,
TB1_t2cell07_CM_RKJ,1,218,1039,
TB1_t2cell07_nuc1_RKJ,116,200,85,
TB1_t2cell07_nuc2_RKJ,125,203,84,
TB1_T2Cell08_atmito05_Cristae_RSL,14,47,587,
TB1_T2Cell08_atmito05_RKJ,14,47,34,
TB1_T2Cell08_atmito18_RKJ,1,11,11,
TB1_T2Cell08_atmito19_RKJ,1,9,9,
TB1_T2cell08_atmito20_cristae_RSL,5,42,959,
TB1_T2cell08_atmito20_RSL,5,42,94,
TB1_t2cell08_CM_RKJ,1,128,137,
TB1_t2cell08_nuc_RKJ,1,32,32,
TB1_t2cell10__nuc_RKJ,1,29,29,
TB1_T2Cell10_atmito11_RKJ,5,24,20,
TB1_T2Cell10_atmito12_RKJ,18,39,26,
TB1_T2Cell10_atmito20_RKJ,1,9,9,
TB1_T2Cell10_atmito21_RKJ,1,15,15,
TB1_t2cell10_CM_RKJ,1,133,170,
TB1_T2Cell11_CM_LES,93,203,256,
TB1_t2cell11_nuc_RKJ,98,185,93,
TB1_t2cell12_CM_RKJ,1,123,258,
TB1_t2cell12_nuc_RKJ,1,29,29,
TB1_t2cell13_CM_RKJ,1,157,182,
TB1_t2cell13_nuc_RKJ,36,139,91,
TB1_t3cell01_CM_RKJ,1,139,200,
TB1_T3Cell01_junct01_ves_LES,56,70,237,
TB1_T3Cell01_junct02_ves_LES,53,63,114,
TB1_t3cell01_nuc_RKJ,60,134,107,
TB1_T3Cell02_atmito04_RKJ,44,56,13,
TB1_t3cell02_CM_RKJ,1,89,150,
TB1_t3cell02_nuc_RKJ,1,68,84,
TB1_t3cell03_CM_RKJ,37,161,463,
TB1_t3cell03_nuc_RKJ,61,153,112,
TB1_t3cell04_CM_RKJ,1,86,172,
TB1_T3Cell04_junct01_ves_LES,3,32,283,
TB1_t3cell04_nuc_RKJ,1,51,76,
TB1_T3cell05_CM_RKJ,1,138,184,
TB1_T3Cell06_CM_LES,1,90,246,
TB1_T3Cell06_junct01_ves_LES,56,60,48,
TB1_T3Cell06_junct02_ves_LES,46,64,244,
TB1_T3Cell06_junct03_ves_LES,23,34,118,
TB1_T3Cell06_junct04_ves_LES,27,47,158,
TB1_T3Cell06_Nuc_LES,1,77,84,
TB1_T3Cell07_CM_LES,1,87,87,
TB2_Basal01_CM_KP,546,563,17,
TB2_Basal01_nuc_KP,550,563,13,
TB2_Basal02_CM_KP,473,563,91,
TB2_Basal02_nuc_KP,487,563,78,
TB2_Basal03_nuc_KP,528,563,39,
TB2_Basal04_nuc_KP,486,563,89,
Tb2_Basal05_Nuc_DE,357,408,52,
Tb2_Basal05_Nuchole_DE,396,403,16,
TB2_Basal06_nuc_LES,315,351,48,
TB2_BasalCell07_CM_LES,289,342,79,
TB2_BasalCell07_nuc_LES,295,339,62,
TB2_Edge_nmito011_DSU,440,451,34,
TB2_Edge_nmito012_DSU,389,397,18,
TB2_Edge_nmito013_DSU,472,479,24,
TB2_Edge_nmito014_DSU,477,479,6,
TB2_Edge_nmito015_DSU,479,487,22,
TB2_Edge_nmito016_DSU,475,481,22,
TB2_Edge_nmito017_DSU,472,478,18,
TB2_Edge01_nuc_KP,498,563,81,
TB2_Edge02_nuc_KP,477,557,91,
TB2_Edge03_nmito001_DSU,454,496,100,
TB2_Edge03_nuc_KP,446,563,118,
TB2_Edge04_nuc_KP,472,533,80,
TB2_Edge05_Nmito001_DSU,460,471,24,
TB2_Edge05_nmito002_DSU,458,461,8,
TB2_Edge05_nmito003_DSU,457,461,12,
TB2_Edge05_nmito004_DSU,463,467,10,
TB2_Edge05_nmito005_DSU,468,473,12,
TB2_Edge05_nmito006_DSU,460,469,22,
TB2_Edge05_nmito007_DSU,458,465,16,
TB2_Edge05_nmito008_DSU,468,471,22,
TB2_Edge05_nmito009_DSU,453,465,51,
TB2_Edge05_nmito010_DSU,464,470,14,
TB2_IMMCell01_Nuc_DE,381,463,97,
TB2_IMMCell01_NucHole_DE,406,451,37,
TB2_NF001_LES,273,563,572,
TB2_NF01_LES,345,485,771,
TB2_NF02_LES,494,545,70,
TB2_NF03_LES,391,407,30,
TB2_NF04_LES,314,532,532,
TB2_NF05_LES,363,554,990,
TB2_NF06_LES,388,563,268,
TB2_NF07_RSL,272,563,1258,
TB2_NF08_RSL,377,563,1156,
TB2_NF09_RSL,351,460,564,
TB2_NF10_RSL,558,563,16,
TB2_NF11_RSL,528,563,76,
TB2_NF12_RSL,376,563,1037,
TB2_NF13_RSL,353,521,1214,
TB2_NF13junctves_RSL,365,370,116,
TB2_NF14_RSL,339,427,278,
TB2_NF14junctves_RSL,346,374,317,
TB2_NF15_RSL,340,523,382,
TB2_NF15junctves_RSL,345,364,840,
TB2_NF16_KP,524,563,142,
TB2_NF17_RSL,355,561,473,
TB2_NF18_RSL,434,485,254,
TB2_NF19_RSL,404,418,34,
TB2_NF20_LES,325,522,216,
TB2_NF21_LES,307,549,1737,
TB2_NF24_LES,327,524,1256,
TB2_NF25_LES,391,445,57,
Tb2_NF26_LES,403,462,168,
Tb2_NF27_LES,399,452,165,
Tb2_NF28_LES,454,563,182,
Tb2_NF29_LES,285,445,210,
Tb2_NF31_LES,505,555,78,
Tb2_NF32_LES,310,563,1725,
Tb2_NF34_LES,302,525,619,
Tb2_NF35_LES,321,500,252,
Tb2_NF36_LES,340,563,500,
Tb2_NF37_LES,549,563,16,
Tb2_NF38_LES,535,563,60,
Tb2_NF39_LES,548,563,36,
Tb2_NF40_LES,270,563,429,
Tb2_NF41_LES,471,563,326,
Tb2_NF43_LES,450,563,114,
Tb2_NF44_LES,464,563,170,
Tb2_NF45_LES,491,563,76,
Tb2_NF46_LES,544,563,35,
Tb2_NF47_LES,495,563,95,
Tb2_NF48_LES,337,563,257,
Tb2_NF49_LES,359,521,191,
Tb2_NF50_LES,538,563,39,
Tb2_NF51_LES,491,563,73,
Tb2_NF52_LES,332,563,510,
Tb2_NF53_LES,348,525,227,
Tb2_NF54_LES,290,423,175,
Tb2_NF57_LES,384,563,356,
Tb2_NF58_LES,378,407,49,
Tb2_NF59_LES,368,535,244,
Tb2_NF63_LES,512,563,52,
Tb2_NF64_LES,414,563,152,
Tb2_NF65_LES,401,415,15,
Tb2_NF66_LES,349,439,118,
Tb2_NF67_LES,435,489,109,
Tb2_NF69_LES,408,563,204,
Tb2_NF70_LES,384,479,149,
TB2_NF71_LES,462,479,25,
TB2_shell_RSL,300,563,265,
TB2_T1Cell01_CM_KP,542,563,21,
TB2_T1Cell01_Nuc_DE,357,420,64,
TB2_T1Cell01_nuc_KP,547,563,16,
TB2_T1Cell02_nuc_KP,476,563,94,
TB2_T1Cell03_nuc_KP,545,563,29,
TB2_T1Cell04_nuc_KP,420,532,124,
TB2_T1Cell05_nuc_KP,463,535,85,
TB2_T1Cell06_Nuc_KP,465,538,105,
TB2_T1Cell07_nmito001_DSU,464,471,20,
TB2_t1cell08_CM_LES,345,499,827,
TB2_t1cell08_nuc_DE,381,463,97,
TB2_T1Cell09_CM_KP,487,530,63,
TB2_T1Cell09_nuc_KP,505,563,147,
TB2_t2cell01_atmito01_RKJ,406,430,27,
TB2_t2cell01_atmito02_RKJ,397,408,16,
TB2_t2cell01_atmito03_RKJ,456,474,23,
TB2_t2cell01_atmito04_RKJ,400,423,27,
TB2_t2cell01_atmito05_RKJ,392,397,6,
TB2_t2cell01_atmito06_RKJ,526,530,5,
TB2_t2cell01_atmito07_RKJ,465,505,40,
TB2_t2cell01_atmito08_RKJ,480,498,19,
TB2_t2cell01_atmito09_RKJ,497,514,18,
TB2_t2cell01_atmito10_RKJ,500,513,13,
TB2_t2cell01_atmito11_RKJ,488,497,10,
TB2_t2cell01_atmito12_RKJ,406,505,30,
TB2_t2cell01_atmito13_RKJ,385,491,44,
TB2_t2cell01_atmito14_RKJ,401,405,6,
TB2_t2cell01_atmito15_RKJ,402,404,3,
TB2_t2cell01_atmito16_RKJ,400,407,8,
TB2_t2cell01_atmito17_RKJ,404,407,5,
TB2_t2cell01_atmito18_RKJ,399,403,5,
TB2_t2cell01_atmito20_RKJ,509,515,7,
TB2_t2cell01_atmito21_RKJ,509,521,14,
TB2_t2cell01_atMito22_RKJ,521,531,11,
TB2_T2cell01_CM_LES,334,557,396,
TB2_t2cell01_nmito001_RKJ,421,506,106,
TB2_t2cell01_nmito002_RKJ,473,521,133,
TB2_t2cell01_nmito003_Rkj,412,485,134,
TB2_t2cell01_nmito004_RKJ,468,478,13,
TB2_t2cell01_nmito005_RKJ,472,479,8,
TB2_t2cell01_nmito006_RKJ,499,528,17,
TB2_t2cell01_nmito007_RKJ,513,521,19,
TB2_t2cell01_nmito008_RKJ,521,525,5,
TB2_t2cell01_nmito010_RKJ,507,529,108,
TB2_t2cell01_nmito011_RKJ,479,522,66,
TB2_t2cell01_nmito012_RKJ,501,515,19,
TB2_t2cell01_nmito013_RKJ,498,521,36,
TB2_t2cell01_nmito014_RKJ,437,505,217,
TB2_t2cell01_nmito015_RKJ,505,510,8,
TB2_t2cell01_nmito016_RKJ,399,474,164,
TB2_t2cell01_nmito017_RKJ,422,443,23,
TB2_t2cell01_nmito018_RKJ,421,432,16,
TB2_t2cell01_nmito019_RKJ,468,495,56,
TB2_t2cell01_nmito020_RKJ,465,503,44,
TB2_t2cell01_nmito021_RKJ,500,511,12,
TB2_t2cell01_nmito023_RKJ,496,509,20,
TB2_t2cell01_nmito024_RKJ,466,499,78,
TB2_t2cell01_nmito025_RKJ,499,522,27,
TB2_t2cell01_nmito026_RKJ,495,502,9,
TB2_t2cell01_nmito027_RKJ,393,405,13,
TB2_t2cell01_nmito028_RKJ,361,401,83,
TB2_t2cell01_nmito029_RKJ,420,499,97,
TB2_t2cell01_nmito030_RKJ,422,432,11,
TB2_t2cell01_nmito031_RKJ,424,460,47,
TB2_t2cell01_nmito032_RKJ,428,438,11,
TB2_t2cell01_nmito033_RKJ,424,434,11,
TB2_t2cell01_nmito034_RKJ,420,431,20,
TB2_t2cell01_nmito035_RKJ,407,455,86,
TB2_t2cell01_nmito036_RKJ,440,457,18,
TB2_t2cell01_nmito037_RKJ,432,443,12,
TB2_t2cell01_nmito038_RKJ,436,443,8,
TB2_t2cell01_nmito039_RKJ,430,467,39,
TB2_t2cell01_nmito040_RKJ,426,452,33,
TB2_t2cell01_nmito041_RKJ,456,492,122,
TB2_t2cell01_nmito042_RKJ,470,509,85,
TB2_t2cell01_nmito043_RKJ,458,519,74,
TB2_t2cell01_nmito044_RKJ,468,500,33,
TB2_t2cell01_nmito045_RKJ,496,503,8,
TB2_t2cell01_nmito046_RKJ,480,505,79,
TB2_t2cell01_nmito047_RKJ,462,520,135,
TB2_t2cell01_nmito048_RKJ,462,477,16,
TB2_t2cell01_nmito049_RKJ,477,492,16,
TB2_t2cell01_nmito050_RKJ,483,491,11,
TB2_t2cell01_nmito051_RKJ,480,517,56,
TB2_t2cell01_nmito052_RKJ,459,533,349,
TB2_t2cell01_nmito053_RKJ,518,520,3,
TB2_t2cell01_nmito054_RKJ,495,500,9,
TB2_t2cell01_nmito055_RKJ,480,525,71,
TB2_t2cell01_nmito056_RKJ,513,529,49,
TB2_t2cell01_nmito057_RKJ,508,521,19,
TB2_t2cell01_nmito058_RKJ,509,515,10,
TB2_t2cell01_nmito059_RKJ,513,518,6,
TB2_t2cell01_nmito060_RKJ,513,519,13,
TB2_t2cell01_nmito061_RKJ,470,521,212,
TB2_t2cell01_nmito062_RKJ,516,519,4,
TB2_t2cell01_nmito063_RKJ,525,528,4,
TB2_t2cell01_nmito064_RKJ,526,531,6,
TB2_t2cell01_nmito065_RKJ,519,527,15,
TB2_t2cell01_nmito066_RKJ,526,535,11,
TB2_t2cell01_nmito067_RKJ,517,529,13,
TB2_t2cell01_nmito068_RKJ,517,527,25,
TB2_t2cell01_nmito069_RKJ,510,520,10,
TB2_t2cell01_nmito070_RKJ,506,515,9,
TB2_t2cell01_nmito071_RKJ,506,513,12,
TB2_t2cell01_nmito072_RKJ,516,519,4,
TB2_t2cell01_nmito073_RKJ,513,517,5,
TB2_t2cell01_nmito074_RKJ,504,509,8,
TB2_t2cell01_nmito075_RKJ,495,515,20,
TB2_t2cell01_nmito076_RKJ,489,504,22,
TB2_t2cell01_nmito077_RKJ,488,507,71,
TB2_t2cell01_nmito078_RKJ,474,485,14,
TB2_t2cell01_nmito079_RKJ,482,486,6,
TB2_t2cell01_nmito080_RKJ,485,491,9,
TB2_t2cell01_nmito081_RKJ,478,484,7,
TB2_t2cell01_nmito082_RKJ,481,490,12,
TB2_t2cell01_nmito083_RKJ,487,500,19,
TB2_t2cell01_nmito084_RKJ,492,508,56,
TB2_t2cell01_nmito085_RKJ,489,505,35,
TB2_t2cell01_nmito086_RKJ,497,521,46,
TB2_t2cell01_nmito087_RKJ,499,509,21,
TB2_t2cell01_nmito088_RKJ,496,527,7,
TB2_t2cell01_nmito089_RKJ,511,522,13,
TB2_t2cell01_nmito090_RKJ,507,517,10,
TB2_t2cell01_nmito091_RKJ,480,494,12,
TB2_t2cell01_nmito092_RKJ,479,492,12,
TB2_t2cell01_nmito093_RKJ,397,412,26,
TB2_t2cell01_nmito094_RKJ,439,451,15,
TB2_t2cell01_nmito095_RKJ,365,384,39,
TB2_t2cell01_nmito096_RKJ,426,447,28,
TB2_t2cell01_nmito097_RKJ,409,415,7,
TB2_t2cell01_nmito098_RKJ,382,396,26,
TB2_t2cell01_nmito099_RKJ,382,398,18,
TB2_t2cell01_nmito100_RKJ,397,405,10,
TB2_t2cell01_nmito101_RKJ,350,384,84,
TB2_t2cell01_nmito102_RKJ,350,355,6,
TB2_t2cell01_nmito103_RKJ,352,375,30,
TB2_t2cell01_nmito104_RKJ,363,370,26,
TB2_t2cell01_nmito105_RKJ,370,376,8,
TB2_t2cell01_nmito106_RKJ,382,393,36,
TB2_t2cell01_nmito107_RKJ,370,400,43,
TB2_t2cell01_nmito108_RKJ,351,382,78,
TB2_t2cell01_nmito109_RKJ,354,425,173,
TB2_t2cell01_nmito110_RKJ,355,384,96,
TB2_t2cell01_nmito111_RKJ,373,412,50,
TB2_t2cell01_nmito112_RKJ,367,374,8,
TB2_t2cell01_nmito113_RKJ,360,363,4,
TB2_t2cell01_nmito114_RKJ,420,426,7,
TB2_t2cell01_nmito115_RKJ,393,404,14,
TB2_t2cell01_nmito116_RKJ,397,405,9,
TB2_t2cell01_nmito117_RKj,395,401,7,
TB2_t2cell01_nmito118_RKJ,399,403,5,
TB2_t2cell01_nmito119_RKJ,356,372,18,
TB2_t2cell01_nmito120_RKJ,356,433,83,
TB2_t2cell01_nmito121_RKJ,370,390,30,
TB2_t2cell01_nmito122_RKJ,364,367,4,
TB2_t2cell01_nmito123_RKJ,345,362,21,
TB2_t2cell01_nmito124_RKJ,351,378,43,
TB2_t2cell01_nmito125_RKJ,355,379,25,
TB2_t2cell01_nmito126_RKJ,396,398,3,
TB2_t2cell01_nmito127_RKJ,350,363,16,
TB2_t2cell01_nmito128_RKJ,356,359,4,
TB2_t2cell01_nmito129_RKJ,357,360,4,
TB2_t2cell01_nmito130_RKJ,357,361,5,
TB2_t2cell01_nmito131_RKJ,367,381,15,
TB2_t2cell01_nmito132_RKJ,375,386,28,
TB2_t2cell01_nmito133_RKJ,380,385,6,
TB2_t2cell01_nmito134_RKJ,384,396,13,
TB2_t2cell01_nmito135_RKJ,384,392,15,
TB2_t2cell01_nmito136_RKJ,390,394,5,
TB2_t2cell01_nmito137_RKJ,394,397,4,
TB2_t2cell01_nmito138_RKJ,409,415,7,
TB2_t2cell01_nmito139_RKJ,404,408,5,
TB2_t2cell01_nmito140_RKJ,387,394,11,
TB2_t2cell01_nmito141_RKJ,391,415,25,
TB2_t2cell01_nmito142_RKJ,404,420,15,
TB2_t2cell01_nmito143_RKJ,412,440,29,
TB2_t2cell01_nmito144_RKJ,418,451,145,
TB2_t2cell01_nmito145_RKJ,419,435,23,
TB2_t2cell01_nmito146_RKJ,402,407,6,
TB2_t2cell01_nmito147_RKJ,412,423,15,
TB2_t2cell01_nmito148_RKJ,403,443,49,
TB2_t2cell01_nmito150_RKJ,406,409,4,
TB2_t2cell01_nmito151_RKJ,420,428,9,
TB2_t2cell01_nmito152_RKJ,445,450,6,
TB2_t2cell01_nmito153_RKJ,381,527,17,
TB2_t2cell01_nuc_RKJ,423,523,101,
TB2_t2cell01_transmito01_RKJ,385,395,11,
TB2_t2cell01_transmito02_RKJ,477,511,40,
TB2_t2cell01_transmito03_RKJ,363,432,168,
TB2_t2cell01_transmito04_RKJ,352,399,78,
TB2_t2cell01_transmito05_RKJ,390,404,19,
TB2_t2cell01_transmito06_RKJ,430,448,20,
TB2_t2cell02_atmito01_RSL,401,432,64,
TB2_t2cell02_atmito02_RSL,410,447,82,
TB2_t2cell02_atmito03_RSL,391,419,55,
TB2_t2cell02_atmito04_RSL,432,457,59,
TB2_t2cell02_atmito05_RKJ,428,441,13,
TB2_t2cell02_atmito06_RSL,440,462,49,
TB2_t2cell02_atmito07_LES,449,459,12,
TB2_t2cell02_atmito08_RKJ,450,462,13,
TB2_t2cell02_atmito09_RKJ,450,454,6,
TB2_t2cell02_atmito10_RSL,474,487,28,
TB2_t2cell02_atmito11_RSL,472,485,38,
TB2_t2cell02_atmito12_RSL,480,501,44,
TB2_t2cell02_atmito13_RSL,408,423,22,
TB2_T2cell02_CM_RSL,349,557,365,
TB2_t2cell02_nmito001_DSU,406,415,26,
TB2_T2Cell02_Nmito001_LES,455,469,30,
TB2_t2cell02_nmito002_DSU,401,423,46,
TB2_T2Cell02_Nmito003_LES,448,457,10,
TB2_t2cell02_nmito003_LES,414,420,7,
TB2_t2cell02_nmito004_DSU,405,422,48,
TB2_t2cell02_nmito005_DSU,408,423,32,
TB2_t2cell02_nmito006_DSU,402,420,38,
TB2_t2cell02_nmito007_DSU,401,421,62,
TB2_t2cell02_nmito008_DSU,416,427,24,
TB2_t2cell02_nmito009_DSU,418,421,10,
TB2_t2cell02_nmito010_DSU,418,431,28,
TB2_t2cell02_nmito011_DSU,418,427,20,
TB2_t2cell02_nmito012_DSU,418,427,24,
TB2_t2cell02_nmito013_DSU,418,429,24,
TB2_t2cell02_nmito014_DSU,418,419,4,
TB2_t2cell02_nmito015_DSU,418,428,22,
TB2_t2cell02_nmito016_LES,420,434,14,
TB2_t2cell02_nmito017_DSU,421,449,56,
TB2_t2cell02_nmito018_DSU,421,428,20,
TB2_t2cell02_nmito019_DSU,420,427,18,
TB2_t2cell02_nmito020_DSU,424,432,28,
TB2_t2cell02_nmito021_DSU,422,427,12,
TB2_t2cell02_nmito022_DSU,424,436,26,
TB2_t2cell02_nmito023_DSU,425,429,12,
TB2_t2cell02_nmito024_LES,424,457,60,
TB2_t2cell02_nmito025_LES,454,480,29,
TB2_t2cell02_nmito026_LES,428,457,39,
TB2_t2cell02_nmito027_LES,428,430,4,
TB2_t2cell02_nmito028_DSU,425,461,90,
TB2_t2cell02_nmito029_DSU,427,430,12,
TB2_t2cell02_nmito030_DSU,428,431,10,
TB2_t2cell02_nmito031_DSU,429,436,26,
TB2_t2cell02_nmito032_DSU,429,447,40,
TB2_t2cell02_nmito033_DSU,426,441,31,
TB2_t2cell02_nmito034_DSU,434,451,34,
TB2_t2cell02_nmito035_DSU,434,441,14,
TB2_t2cell02_nmito036_DSU,435,445,20,
TB2_t2cell02_nmito037_DSU,438,465,55,
TB2_t2cell02_nmito038_DSU,434,457,46,
TB2_t2cell02_nmito039_DSU,438,448,22,
TB2_t2cell02_nmito040_DSU,439,461,44,
TB2_t2cell02_nmito041_DSU,438,455,50,
TB2_t2cell02_nmito042_DSU,439,445,14,
TB2_t2cell02_nmito043_DSU,442,447,20,
TB2_t2cell02_nmito044_DSU,443,450,16,
TB2_t2cell02_nmito045_DSU,444,445,4,
TB2_t2cell02_nmito046_DSU,445,453,16,
TB2_t2cell02_nmito047_DSU,448,451,10,
TB2_t2cell02_nmito048_DSU,453,455,6,
TB2_t2cell02_nmito049_DSU,453,455,8,
TB2_t2cell02_nmito050_DSU,458,465,18,
TB2_t2cell02_nmito051_DSU,458,476,38,
TB2_t2cell02_nmito052_DSU,458,473,38,
TB2_t2cell02_nmito053_DSU,463,471,24,
TB2_t2cell02_nmito054_DSU,466,469,8,
TB2_t2cell02_nmito055_DSU,472,479,20,
TB2_t2cell02_nmito056_DSU,393,408,36,
TB2_t2cell02_nmito057_DSU,387,407,44,
TB2_t2cell02_nmito058_DSU,391,405,54,
TB2_t2cell02_nmito059_DSU,389,399,32,
TB2_t2cell02_nmito060_DSU,389,392,8,
TB2_T2Cell02_nmito061_DSU,454,456,6,
TB2_T2Cell02_nmito062_DSU,456,460,10,
TB2_T2Cell02_nmito063_DSU,381,382,4,
TB2_T2Cell02_nmito064_DSU,386,388,6,
TB2_T2Cell02_nmito065_DSU,387,392,14,
TB2_T2Cell02_Nmito066_DSU,385,388,8,
TB2_T2Cell02_nmito067_DSU,383,386,8,
TB2_T2Cell02_nmito068_DSU,382,389,16,
TB2_T2Cell02_nmito069_DSU,383,386,8,
TB2_T2Cell02_nmito070_DSU,375,382,16,
TB2_T2Cell02_Nuc_DE,379,482,105,
TB2_t2cell02_nuc_RSL,379,483,197,
TB2_T2Cell03_atmito01_LES,460,467,8,
TB2_T2Cell03_atmito02_DSU,460,463,4,
TB2_T2Cell03_atmito03_DSU,451,461,12,
TB2_T2Cell03_atmito04_LES,460,473,14,
TB2_T2Cell03_atmito05_DSU,453,461,28,
TB2_t2cell03_atmito05_DSU,452,452,1,
TB2_T2Cell03_atmito06,433,441,10,
TB2_T2Cell03_atmito07,428,441,15,
TB2_T2Cell03_atmito08,422,441,22,
TB2_T2Cell03_atmito09_LES,411,427,17,
TB2_T2Cell03_atmito10_LES,444,463,24,
TB2_T2Cell03_atmito11_LES,469,474,7,
TB2_t2cell03_atmito12_RSL,463,475,15,
TB2_t2cell03_atmito13_RSL,403,417,15,
TB2_t2cell03_atmito15_RSL,422,445,50,
TB2_t2cell03_atmito17_RSL,465,480,42,
TB2_T2Cell03_CM_LES,375,551,272,
TB2_t2cell03_nmito001_DSU,448,452,5,
TB2_T2Cell03_nmito001_LES,444,458,22,
TB2_T2Cell03_nmito002_LES,456,463,8,
TB2_T2Cell03_nmito003_LES,446,455,18,
TB2_T2Cell03_nmito004_LES,456,460,5,
TB2_T2Cell03_nmito005_LES,450,465,16,
TB2_T2Cell03_nmito006_LES,450,462,13,
TB2_T2Cell03_nmito007_LES,444,472,76,
TB2_T2Cell03_nmito008_LES,467,473,7,
TB2_T2Cell03_nmito009_LES,450,480,36,
TB2_T2Cell03_nmito010_LES,458,465,9,
TB2_T2Cell03_nmito011_LES,435,473,62,
TB2_T2Cell03_nmito012_LES,416,478,106,
TB2_T2Cell03_nmito013_LES,477,482,6,
TB2_T2Cell03_nmito014_LES,477,484,8,
TB2_T2Cell03_nmito015_LES,438,488,76,
TB2_T2Cell03_nmito016_LES,485,495,12,
TB2_T2Cell03_nmito017_LES,473,485,13,
TB2_T2Cell03_nmito018_LES,490,492,3,
TB2_T2Cell03_nmito019_LES,486,495,10,
TB2_T2Cell03_nmito020_LES,482,492,15,
TB2_T2Cell03_nmito021_LES,474,486,13,
TB2_T2Cell03_nmito022_LES,470,480,11,
TB2_T2Cell03_nmito023_LES,499,511,17,
TB2_T2Cell03_nmito024_LES,473,504,34,
TB2_T2Cell03_nmito025_LES,474,483,15,
TB2_T2Cell03_nmito026_LES,484,489,6,
TB2_T2Cell03_nmito027_LES,488,496,10,
TB2_T2Cell03_nmito028_LES,468,488,26,
TB2_T2Cell03_nmito029_LES,425,478,127,
TB2_T2Cell03_nmito030_LES,460,463,5,
TB2_T2Cell03_nmito031_LES,471,495,51,
TB2_T2Cell03_nmito032_LES,436,476,173,
TB2_T2Cell03_nmito033_LES,446,464,30,
TB2_t2cell03_nmito034_LES,426,434,9,
TB2_T2Cell03_nmito034_LES,416,447,93,
TB2_T2Cell03_nmito035_LES,404,459,106,
TB2_T2Cell03_nmito036_LES,422,443,31,
TB2_T2Cell03_nmito040_LES,393,402,10,
TB2_T2Cell03_nmito041_LES,405,451,34,
TB2_T2Cell03_nmito042_LES,403,408,7,
TB2_T2Cell03_nmito043_LES,394,398,6,
TB2_t2cell03_nmito044_DSU,395,415,48,
TB2_T2Cell03_nmito045_LES,399,412,14,
TB2_t2cell03_nmito046_DSU,400,403,10,
TB2_t2cell03_nmito047_DSU,407,412,18,
TB2_t2cell03_nmito048_DSU,409,419,36,
TB2_t2cell03_nmito049_DSU,418,423,16,
TB2_t2cell03_nmito050_DSU,416,419,10,
TB2_t2cell03_nmito051_DSU,408,416,24,
TB2_t2cell03_nmito052_DSU,416,429,44,
TB2_t2cell03_nmito053_DSU,420,441,147,
TB2_t2cell03_nmito054_DSU,418,423,14,
TB2_t2cell03_nmito055_DSU,421,423,6,
TB2_t2cell03_nmito056_DSU,420,423,8,
TB2_t2cell03_nmito057_DSU,422,444,56,
TB2_t2cell03_nmito058_DSU,427,447,46,
TB2_T2Cell03_nmito059_DSU,399,405,7,
TB2_T2Cell03_nmito060_DSU,401,404,4,
TB2_t2cell03_nmito061_DSU,418,429,24,
TB2_t2cell03_nmito062_DSU,428,449,50,
TB2_t2cell03_nmito063_DSU,433,447,36,
TB2_t2cell03_nmito064_DSU,416,435,42,
TB2_t2cell03_nmito065_DSU,432,445,22,
TB2_T2Cell03_nmito066_LES,387,392,9,
TB2_t2cell03_nmito067_DSU,408,415,16,
TB2_t2cell03_nmito068_DSU,416,424,24,
TB2_T2Cell03_nmito069_LES,391,404,18,
TB2_t2cell03_nmito070_DSU,434,448,44,
TB2_t2cell03_nmito073_DSU,433,447,30,
TB2_t2cell03_nmito074_DSU,430,449,108,
TB2_t2cell03_nmito078_DSU,420,423,10,
TB2_t2cell03_nmito079_DSU,416,423,22,
TB2_t2cell03_nmito080_LES,401,408,10,
TB2_T2Cell03_nmito081_DSU,460,466,28,
TB2_t2cell03_nmito082_DSU,475,475,2,
TB2_T2Cell03_Nmito082_DSU,468,474,26,
TB2_T2Cell03_nmito083_DSU,461,464,12,
TB2_T2Cell03_nmito084_DSU,462,477,32,
TB2_t2cell03_nmito084_DSU,458,475,33,
TB2_T2Cell03_nmito085_DSU,464,469,22,
TB2_t2cell03_nmito085_DSU,460,473,19,
TB2_T2Cell03_nmito086_DSU,448,455,11,
TB2_T2Cell03_nmito087_DSU,448,451,8,
TB2_T2Cell03_nmito088_DSU,462,466,10,
TB2_T2Cell03_nmito089_DSU,444,449,12,
TB2_T2Cell03_nmito090_DSU,399,406,24,
TB2_T2Cell03_nmito091_DSU,434,450,19,
TB2_T2Cell03_nmito092_DSU,463,465,8,
TB2_t2cell03_nmito093_LES,399,405,7,
TB2_T2Cell03_nmito094_DSU,381,393,33,
TB2_t2cell03_nmito095_DSU,460,465,17,
TB2_t2cell03_nmito096_LES,401,423,27,
TB2_t2cell03_nmito097_LES,422,425,4,
TB2_t2cell03_nmito098_LES,409,425,22,
TB2_T2Cell03_nmito099_DSU,460,467,32,
TB2_t2cell03_nmito100_LES,403,411,9,
TB2_t2cell03_nmito101_LES,413,423,11,
TB2_T2Cell03_nmito102_DSU,446,449,12,
TB2_T2Cell03_nmito103_DSU,450,451,4,
TB2_T2Cell03_nmito104_DSU,434,469,115,
TB2_T2Cell03_nmito105_DSU,454,459,24,
TB2_T2Cell03_nmito106_DSU,448,456,22,
TB2_T2Cell03_nmito107_DSU,470,471,6,
TB2_T2Cell03_nmito108_DSU,458,464,14,
TB2_t2cell03_nmito109_DSU,423,462,72,
TB2_t2cell03_nmito110_DSU,448,464,53,
TB2_T2Cell03_nmito111_DSU,461,463,6,
TB2_T2Cell03_nmito112_DSU,460,462,8,
TB2_T2Cell03_nmito113_DSU,457,461,12,
TB2_t2cell03_nmito114_DSU,443,456,29,
TB2_T2Cell03_nmito115_LES,438,457,19,
TB2_T2Cell03_nmito116_LES,450,462,28,
TB2_T2Cell03_nmito117_LES,469,478,10,
TB2_T2Cell03_nmito118_LES,450,467,29,
TB2_T2Cell03_nmito119_LES,454,459,13,
TB2_T2Cell03_nmito120_LES,446,460,48,
TB2_T2Cell03_nmito121_LES,452,457,13,
TB2_T2Cell03_nmito122_LES,455,463,15,
TB2_t2cell03_nmito123_LES,452,455,4,
TB2_t2cell03_nmito124_LES,448,456,9,
TB2_t2cell03_nmito125_LES,430,435,6,
TB2_t2cell03_nmito126_LES,452,479,30,
TB2_t2cell03_nmito127_LES,459,471,37,
TB2_t2cell03_nmito128_LES,459,469,18,
TB2_t2cell03_nmito129_LES,483,505,23,
TB2_t2cell03_nmito130_LES,490,503,20,
TB2_t2cell03_nmito131_LES,497,500,4,
TB2_t2cell03_nmito132_LES,483,498,16,
TB2_t2cell03_nmito133_LES,463,496,74,
TB2_t2cell03_nmito134_LES,472,491,26,
TB2_t2cell03_nmito135_LES,461,479,30,
TB2_t2cell03_nmito136_LES,486,487,2,
TB2_t2cell03_nmito137_LES,458,491,40,
TB2_t2cell03_nmito138_LES,456,475,35,
TB2_t2cell03_nmito139_LES,456,464,15,
TB2_t2cell03_nmito140_LES,460,463,4,
TB2_t2cell03_nmito141_LES,453,461,16,
TB2_t2cell03_nmito142_LES,448,457,15,
TB2_t2cell03_nmito143_LES,452,457,8,
TB2_t2cell03_nmito144_LES,475,479,5,
TB2_t2cell03_nmito145_LES,460,481,59,
TB2_t2cell03_nmito146_LES,465,473,9,
TB2_t2cell03_nmito147_LES,464,468,8,
TB2_t2cell03_nmito148_LES,460,470,12,
TB2_t2cell03_nmito149_LES,450,465,16,
TB2_t2cell03_nmito150_LES,452,470,21,
TB2_t2cell03_nmito151_LES,459,464,9,
TB2_t2cell03_nmito152_LES,448,460,20,
TB2_t2cell03_nmito153_LES,443,463,32,
TB2_t2cell03_nmito154_LES,452,466,34,
TB2_t2cell03_nmito155_LES,450,473,27,
TB2_t2cell03_nmito156_LES,475,489,38,
TB2_t2cell03_nmito157_LES,466,476,12,
TB2_t2cell03_nmito158_LES,459,467,15,
TB2_t2cell03_nmito159_LES,450,474,28,
TB2_t2cell03_nmito160_LES,470,471,2,
TB2_t2cell03_nmito161_LES,463,471,10,
TB2_t2cell03_nmito162_LES,463,467,7,
TB2_t2cell03_nmito163_LES,456,471,19,
TB2_t2cell03_nmito164_LES,454,461,8,
TB2_t2cell03_nmito165_LES,428,459,91,
TB2_t2cell03_nmito166_LES,466,471,12,
TB2_t2cell03_nmito167_LES,463,466,4,
TB2_t2cell03_nmito168_LES,451,461,25,
TB2_t2cell03_nmito169_LES,455,457,3,
TB2_t2cell03_nmito170_LES,444,455,12,
TB2_t2cell03_nmito171_LES,446,459,14,
TB2_t2cell03_nmito172_LES,442,451,10,
TB2_t2cell03_nmito173_LES,444,450,15,
TB2_t2cell03_nmito174_LES,428,454,78,
TB2_t2cell03_nmito175_LES,436,445,14,
TB2_t2cell03_nmito176_LES,442,447,10,
TB2_t2cell03_nmito177_LES,448,449,3,
TB2_t2cell03_nmito178_LES,435,449,29,
TB2_t2cell03_nmito179_LES,432,444,18,
TB2_t2cell03_nmito180_LES,440,454,26,
TB2_t2cell03_nmito181_LES,446,447,2,
TB2_t2cell03_nmito182_LES,434,447,19,
TB2_t2cell03_nmito183_LES,446,449,4,
TB2_t2cell03_nmito184_LES,444,455,16,
TB2_t2cell03_nmito185_LES,447,452,6,
TB2_t2cell03_nmito186_LES,446,449,4,
TB2_t2cell03_nmito187_LES,438,449,12,
TB2_t2cell03_nmito188_LES,430,447,20,
TB2_t2cell03_nmito189_LES,438,443,6,
TB2_t2cell03_nmito190_LES,436,441,5,
TB2_t2cell03_nmito192_LES,440,443,4,
TB2_t2cell03_nmito193_LES,430,442,12,
TB2_t2cell03_nmito194_LES,438,441,4,
TB2_t2cell03_nmito195_LES,433,439,6,
TB2_t2cell03_nmito196_LES,430,441,15,
TB2_t2cell03_nmito197_LES,428,441,15,
TB2_t2cell03_nmito198_LES,428,432,5,
TB2_t2cell03_nmito199_LES,429,436,8,
TB2_t2cell03_nmito200_LES,426,428,3,
TB2_t2cell03_nmito201_LES,426,432,7,
TB2_t2cell03_nmito202_LES,424,439,15,
TB2_t2cell03_nmito203_LES,424,429,6,
TB2_t2cell03_nmito204_LES,408,418,16,
TB2_t2cell03_nmito205_LES,425,435,13,
TB2_t2cell03_nmito206_LES,427,435,9,
TB2_t2cell03_nmito207_LES,425,431,14,
TB2_t2cell03_nmito208_LES,420,442,22,
TB2_t2cell03_nmito209_LES,425,434,12,
TB2_t2cell03_nmito210_LES,436,442,6,
TB2_t2cell03_nmito211_LES,430,442,15,
TB2_t2cell03_nmito212_LES,428,441,15,
TB2_t2cell03_nmito213_LES,438,447,11,
TB2_t2cell03_nmito214_LES,433,439,7,
TB2_t2cell03_nmito215_LES,434,436,3,
TB2_t2cell03_nmito216_LES,416,436,23,
TB2_T2Cell03_nmito217_DSU,453,471,38,
TB2_t2cell03_nuc_DE,385,457,80,
TB2_T2Cell03_Nuchole_2_DE,413,447,34,
TB2_t2cell03_NucHole_DE,413,447,34,
TB2_t2cell04_atmito01_RSL,462,476,31,
TB2_t2cell04_atmito02_RSL,550,563,16,
TB2_t2cell04_atmito08_RSL,554,563,21,
TB2_t2cell04_atmito11_RSL,504,530,65,
TB2_t2cell04_atmito12_RSL,526,543,62,
TB2_t2cell04_atmito13_RSL,547,555,18,
TB2_t2cell04_atmito14_RKJ,513,527,18,
TB2_t2cell04_CM_RSL,457,563,254,
TB2_T2Cell04_Nmito001_LES,459,464,9,
TB2_T2Cell04_Nmito002_LES,460,481,34,
TB2_T2Cell04_Nmito005_LES,473,513,48,
TB2_T2Cell04_Nuc_DE,472,563,100,
TB2_t2cell04_nuc_RSL,472,563,95,
TB2_t2cell06_atmito01_RSL,552,563,32,
TB2_T2Cell06_CM_KP,558,563,6,
TB2_t2cell06_CM_LES,548,563,19,
TB2_T2Cell06_nuc_KP,559,563,5,
TB2_T2Cell07_Atmito01_LES,469,483,15,
TB2_T2Cell07_Atmito02_LES,418,466,49,
TB2_T2Cell07_Atmito03_LES,436,471,36,
TB2_T2Cell07_Atmito04_LES,441,466,32,
TB2_T2Cell07_Atmito05_cristae_RSL,416,449,451,
TB2_T2Cell07_Atmito05_RSL,416,449,38,
TB2_T2Cell07_Atmito06_RSL,379,392,14,
TB2_T2Cell07_Atmito07_RSL,470,500,32,
TB2_T2Cell07_CM_LES,305,553,465,
TB2_T2Cell07_nuc_LES,363,474,110,
TB2_t2cell08_atmito09_RSL,549,562,26,
TB2_T2Cell08_CM_KP,530,563,41,
TB2_T2Cell08_nuc_KP,539,563,24,
TB2_T2Cell10_nuc_KP,515,563,70,
TB2_T2Cell11_nuc_KP,533,563,30,
TB2_T2Cell12_nmito001_DSU,474,477,8,
TB2_T2Cell12_nuc_KP,471,539,86,
TB2_T2Cell13_CM_LES,335,563,258,
TB2_T2Cell13_nuc_KP,456,561,102,
TB2_T2Cell14_ATmito01_RSL,366,386,21,
TB2_T2Cell14_CM_LES,335,550,441,
TB2_T2Cell14_Nuc_LES,345,439,100,
TB2_t3cell01_CM_LES,345,353,3,
TB2_T3Cell02_Atmito01_LES,360,369,10,
TB2_t3cell02_CM_RSL,337,563,667,
TB2_t3cell02_junct01_RSL,354,360,24,
TB2_t3cell02_junct01_ves_RSL,348,367,677,
TB2_t3cell02_junct02_RSL,357,365,5,
TB2_t3cell02_junct02_ves_RSL,348,370,147,
TB2_t3cell02_junct03_ves_RSL,349,359,274,
TB2_t3cell02_junct04_ves_RSL,359,374,857,
TB2_T3Cell02_nuc_RSL,347,431,225,
TB2_T3Cell04_CM_KP,510,563,44,
TB2_T3Cell06_CM_RSL,486,555,47,
TB2_T3Cell06_nuc_KP,490,563,95,
TB2_T3Cell07_nuc_KP,440,536,99,
TB2_T3Cell08_Nuc_DE,454,526,126,
TB2_T3Cell08_nuc_KP,453,526,123,
TB2_T3Cell08_nuchole_DE,461,480,15,
TB2_T3Cell09_CM_KP,487,563,138,
TB2_T3cell09_nuc_RSL,488,563,180,
TB2_T3cell10_nuc_RSL,441,467,16,
TB3_Edge_CM_RSL,344,489,146,
TB3_Edge_nuc_RSL,383,487,210,
TB3_NF01-PG_RSL,200,518,2681,
TB3_t2cell01_atmito01_RKJ,554,563,17,
TB3_t2cell01_atmito02_RKJ,522,558,42,
TB3_t2cell01_atmito03_RKJ,515,542,41,
